#SRC_IMAGE,0,0,600,1276,524,38,1,1,0,0,0,0,0,,,,,,,,
#DST_IMAGE,0,300,-524,11,524,38,2,255,255,255,255,0,0,0,0,600,0,900,0,0,
#DST_IMAGE,0,600,51,11,524,38,2,255,255,255,255,0,0,0,0,,,,,,
#SRC_IMAGE,0,0,600,1276,524,38,1,1,0,0,0,0,0,,,,,,,,
#DST_IMAGE,0,300,1920,11,524,38,2,255,255,255,255,0,0,0,0,600,0,901,0,0,
#DST_IMAGE,0,600,1345,11,524,38,2,255,255,255,255,0,0,0,0,,,,,,
#IF,900,,,,,,,,,,,,,,,,,,,,
#SRC_IMAGE,0,1,430,410,540,140,1,1,0,0,0,0,0,,,,,,,,
#DST_IMAGE,0,200,51,200,540,0,0,255,255,255,255,0,0,0,0,300,0,0,0,0,40
#DST_IMAGE,0,300,51,200,540,-140,0,255,255,255,255,0,0,0,0,,,,,,
#SRC_IMAGE,0,1,430,550,540,140,1,1,0,0,0,0,0,,,,,,,,
#DST_IMAGE,0,200,51,200,540,0,0,0,255,255,255,0,0,0,0,300,0,0,0,0,40
#DST_IMAGE,0,300,51,200,540,140,0,255,255,255,255,0,0,0,0,,,,,,
#SRC_GAUGECHART_1P,0,111,0,0,1,1,1,1,0,0,514,253,500,750,,,,,,,
#DST_GAUGECHART_1P,0,0,64,327,1,1,0,255,255,255,255,0,0,0,0,0,0,0,0,0,
#SRC_GAUGECHART_1P,1,111,0,0,1,1,1,1,0,0,514,253,500,750,,,,,,,
#DST_GAUGECHART_1P,1,0,64,327,1,1,0,255,255,255,255,0,0,0,0,0,0,0,0,0,
#SRC_IMAGE,0,1,130,360,128,48,1,1,0,0,0,0,0,,,,,,,,
#DST_IMAGE,0,600,578,60,128,48,2,0,255,255,255,1,0,0,0,700,0,0,0,0,
#DST_IMAGE,0,700,578,60,128,48,2,255,255,255,255,1,0,0,0,,,,,,
#SRC_NUMBER,0,1,0,210,230,22,10,1,0,0,107,0,3,,,,,,,,
#DST_NUMBER,0,600,568,73,23,22,0,0,255,255,255,1,0,0,0,700,0,0,0,0,
#DST_NUMBER,0,700,568,73,23,22,0,255,255,255,255,1,0,0,0,,,,,,
#SRC_IMAGE,0,1,290,210,9,22,1,1,0,0,0,0,0,,,,,,,,
#DST_IMAGE,0,600,637,73,9,22,2,0,255,255,255,1,0,0,0,700,0,0,0,0,
#DST_IMAGE,0,700,637,73,9,22,2,255,255,255,255,1,0,0,0,,,,,,
#SRC_NUMBER,0,1,0,210,253,22,11,1,0,0,407,0,1,,,,,,,,
#DST_NUMBER,0,600,646,73,23,22,0,0,255,255,255,1,0,0,0,700,0,0,0,0,
#DST_NUMBER,0,700,646,73,23,22,0,255,255,255,255,1,0,0,0,,,,,,
#SRC_IMAGE,0,1,260,210,27,22,1,1,0,0,0,0,0,,,,,,,,
#DST_IMAGE,0,600,669,73,27,22,2,0,255,255,255,1,0,0,0,700,0,0,0,0,
#DST_IMAGE,0,700,669,73,27,22,2,255,255,255,255,1,0,0,0,,,,,,
#STRETCH,6,,,,,,,,,,,,,,,,,,,,
#SRC_IMAGE,0,21,0,0,-1,-1,1,1,0,0,0,0,0,,,,,,,,
#DST_IMAGE,0,0,400,-672,129,792,0,255,255,255,255,1,1,0,0,500,0,0,0,0,
#DST_IMAGE,0,500,400,120,129,132,0,255,255,255,255,1,1,0,0,,,,,,
#STRETCH,-1,,,,,,,,,,,,,,,,,,,,
#SRC_IMAGE,0,2,1250,550,129,132,1,1,0,0,0,0,0,,,,,,,,
#DST_IMAGE,0,0,124,-672,129,792,0,255,255,255,255,1,0,0,0,1000,0,300,0,0,
#DST_IMAGE,0,250,124,120,129,132,0,255,255,255,255,1,0,0,0,,,,,,
#DST_IMAGE,0,1060,124,120,129,132,0,255,255,255,255,1,0,0,0,,,,,,
#DST_IMAGE,0,1260,124,120,129,132,0,100,255,255,255,1,0,0,0,,,,,,
#DST_IMAGE,0,1460,124,120,129,132,0,255,255,255,255,1,0,0,0,,,,,,
#DST_IMAGE,0,2000,124,120,129,132,0,255,255,255,255,1,0,0,0,,,,,,
#SRC_IMAGE,0,2,1250,550,129,132,1,1,0,0,0,0,0,,,,,,,,
#DST_IMAGE,0,50,256,-672,129,792,0,255,255,255,255,1,0,0,0,1000,0,300,0,0,
#DST_IMAGE,0,300,256,120,129,132,0,255,255,255,255,1,0,0,0,,,,,,
#DST_IMAGE,0,1310,256,120,129,132,0,255,255,255,255,1,0,0,0,,,,,,
#DST_IMAGE,0,1510,256,120,129,132,0,100,255,255,255,1,0,0,0,,,,,,
#DST_IMAGE,0,1710,256,120,129,132,0,255,255,255,255,1,0,0,0,,,,,,
#DST_IMAGE,0,2000,256,120,129,132,0,255,255,255,255,1,0,0,0,,,,,,
#SRC_IMAGE,0,2,1250,550,129,132,1,1,0,0,0,0,0,,,,,,,,
#DST_IMAGE,0,100,388,-672,129,792,0,255,255,255,255,1,0,0,0,1000,0,300,0,0,
#DST_IMAGE,0,350,388,120,129,132,0,255,255,255,255,1,0,0,0,,,,,,
#DST_IMAGE,0,1460,388,120,129,132,0,255,255,255,255,1,0,0,0,,,,,,
#DST_IMAGE,0,1660,388,120,129,132,0,100,255,255,255,1,0,0,0,,,,,,
#DST_IMAGE,0,1860,388,120,129,132,0,255,255,255,255,1,0,0,0,,,,,,
#DST_IMAGE,0,2000,388,120,129,132,0,255,255,255,255,1,0,0,0,,,,,,
#SRC_IMAGE,0,2,1250,805,129,10,1,1,0,0,0,0,0,,,,,,,,
#DST_IMAGE,0,1000,124,242,129,10,0,200,255,255,255,2,0,0,0,1000,0,300,0,0,
#DST_IMAGE,0,1030,124,242,129,10,0,200,255,255,255,2,0,0,0,,,,,,
#DST_IMAGE,0,1200,124,242,129,10,0,0,255,255,255,2,0,0,0,,,,,,
#DST_IMAGE,0,2000,124,242,129,10,0,0,255,255,255,2,0,0,0,,,,,,
#SRC_IMAGE,0,2,1250,790,129,15,1,1,0,0,0,0,0,,,,,,,,
#DST_IMAGE,0,1030,124,227,129,15,0,200,255,255,255,2,0,0,0,1000,0,300,0,0,
#DST_IMAGE,0,1060,124,227,129,15,0,200,255,255,255,2,0,0,0,,,,,,
#DST_IMAGE,0,1200,124,227,129,15,0,0,255,255,255,2,0,0,0,,,,,,
#DST_IMAGE,0,2000,124,227,129,15,0,0,255,255,255,2,0,0,0,,,,,,
#SRC_IMAGE,0,2,1250,770,129,20,1,1,0,0,0,0,0,,,,,,,,
#DST_IMAGE,0,1060,124,207,129,20,0,150,255,255,255,2,0,0,0,1000,0,300,0,0,
#DST_IMAGE,0,1090,124,207,129,20,0,150,255,255,255,2,0,0,0,,,,,,
#DST_IMAGE,0,1200,124,207,129,20,0,0,255,255,255,2,0,0,0,,,,,,
#DST_IMAGE,0,2000,124,207,129,20,0,0,255,255,255,2,0,0,0,,,,,,
#SRC_IMAGE,0,2,1250,730,129,40,1,1,0,0,0,0,0,,,,,,,,
#DST_IMAGE,0,1090,124,167,129,40,0,100,255,255,255,2,0,0,0,1000,0,300,0,0,
#DST_IMAGE,0,1120,124,167,129,40,0,100,255,255,255,2,0,0,0,,,,,,
#DST_IMAGE,0,1200,124,167,129,40,0,0,255,255,255,2,0,0,0,,,,,,
#DST_IMAGE,0,2000,124,167,129,40,0,0,255,255,255,2,0,0,0,,,,,,
#SRC_IMAGE,0,2,1250,710,129,20,1,1,0,0,0,0,0,,,,,,,,
#DST_IMAGE,0,1120,124,147,129,20,0,50,255,255,255,2,0,0,0,1000,0,300,0,0,
#DST_IMAGE,0,1150,124,147,129,20,0,50,255,255,255,2,0,0,0,,,,,,
#DST_IMAGE,0,1200,124,147,129,20,0,0,255,255,255,2,0,0,0,,,,,,
#DST_IMAGE,0,2000,124,147,129,20,0,0,255,255,255,2,0,0,0,,,,,,
#SRC_IMAGE,0,2,1250,805,129,10,1,1,0,0,0,0,0,,,,,,,,
#DST_IMAGE,0,1250,256,242,129,10,0,200,255,255,255,2,0,0,0,1250,0,300,0,0,
#DST_IMAGE,0,1280,256,242,129,10,0,200,255,255,255,2,0,0,0,,,,,,
#DST_IMAGE,0,1450,256,242,129,10,0,0,255,255,255,2,0,0,0,,,,,,
#DST_IMAGE,0,2250,256,242,129,10,0,0,255,255,255,2,0,0,0,,,,,,
#SRC_IMAGE,0,2,1250,790,129,15,1,1,0,0,0,0,0,,,,,,,,
#DST_IMAGE,0,1280,256,227,129,15,0,200,255,255,255,2,0,0,0,1250,0,300,0,0,
#DST_IMAGE,0,1310,256,227,129,15,0,200,255,255,255,2,0,0,0,,,,,,
#DST_IMAGE,0,1450,256,227,129,15,0,0,255,255,255,2,0,0,0,,,,,,
#DST_IMAGE,0,2250,256,227,129,15,0,0,255,255,255,2,0,0,0,,,,,,
#SRC_IMAGE,0,2,1250,770,129,20,1,1,0,0,0,0,0,,,,,,,,
#DST_IMAGE,0,1310,256,207,129,20,0,150,255,255,255,2,0,0,0,1250,0,300,0,0,
#DST_IMAGE,0,1340,256,207,129,20,0,150,255,255,255,2,0,0,0,,,,,,
#DST_IMAGE,0,1450,256,207,129,20,0,0,255,255,255,2,0,0,0,,,,,,
#DST_IMAGE,0,2250,256,207,129,20,0,0,255,255,255,2,0,0,0,,,,,,
#SRC_IMAGE,0,2,1250,730,129,40,1,1,0,0,0,0,0,,,,,,,,
#DST_IMAGE,0,1340,256,167,129,40,0,100,255,255,255,2,0,0,0,1250,0,300,0,0,
#DST_IMAGE,0,1370,256,167,129,40,0,100,255,255,255,2,0,0,0,,,,,,
#DST_IMAGE,0,1450,256,167,129,40,0,0,255,255,255,2,0,0,0,,,,,,
#DST_IMAGE,0,2250,256,167,129,40,0,0,255,255,255,2,0,0,0,,,,,,
#SRC_IMAGE,0,2,1250,710,129,20,1,1,0,0,0,0,0,,,,,,,,
#DST_IMAGE,0,1370,256,147,129,20,0,50,255,255,255,2,0,0,0,1250,0,300,0,0,
#DST_IMAGE,0,1400,256,147,129,20,0,50,255,255,255,2,0,0,0,,,,,,
#DST_IMAGE,0,1450,256,147,129,20,0,0,255,255,255,2,0,0,0,,,,,,
#DST_IMAGE,0,2250,256,147,129,20,0,0,255,255,255,2,0,0,0,,,,,,
#SRC_IMAGE,0,2,1250,805,129,10,1,1,0,0,0,0,0,,,,,,,,
#DST_IMAGE,0,1500,388,242,129,10,0,200,255,255,255,2,0,0,0,1500,0,300,0,0,
#DST_IMAGE,0,1530,388,242,129,10,0,200,255,255,255,2,0,0,0,,,,,,
#DST_IMAGE,0,1700,388,242,129,10,0,0,255,255,255,2,0,0,0,,,,,,
#DST_IMAGE,0,2500,388,242,129,10,0,0,255,255,255,2,0,0,0,,,,,,
#SRC_IMAGE,0,2,1250,790,129,15,1,1,0,0,0,0,0,,,,,,,,
#DST_IMAGE,0,1530,388,227,129,15,0,200,255,255,255,2,0,0,0,1500,0,300,0,0,
#DST_IMAGE,0,1560,388,227,129,15,0,200,255,255,255,2,0,0,0,,,,,,
#DST_IMAGE,0,1700,388,227,129,15,0,0,255,255,255,2,0,0,0,,,,,,
#DST_IMAGE,0,2500,388,227,129,15,0,0,255,255,255,2,0,0,0,,,,,,
#SRC_IMAGE,0,2,1250,770,129,20,1,1,0,0,0,0,0,,,,,,,,
#DST_IMAGE,0,1560,388,207,129,20,0,150,255,255,255,2,0,0,0,1500,0,300,0,0,
#DST_IMAGE,0,1590,388,207,129,20,0,150,255,255,255,2,0,0,0,,,,,,
#DST_IMAGE,0,1700,388,207,129,20,0,0,255,255,255,2,0,0,0,,,,,,
#DST_IMAGE,0,2500,388,207,129,20,0,0,255,255,255,2,0,0,0,,,,,,
#SRC_IMAGE,0,2,1250,730,129,40,1,1,0,0,0,0,0,,,,,,,,
#DST_IMAGE,0,1590,388,167,129,40,0,100,255,255,255,2,0,0,0,1500,0,300,0,0,
#DST_IMAGE,0,1620,388,167,129,40,0,100,255,255,255,2,0,0,0,,,,,,
#DST_IMAGE,0,1700,388,167,129,40,0,0,255,255,255,2,0,0,0,,,,,,
#DST_IMAGE,0,2500,388,167,129,40,0,0,255,255,255,2,0,0,0,,,,,,
#SRC_IMAGE,0,2,1250,710,129,20,1,1,0,0,0,0,0,,,,,,,,
#DST_IMAGE,0,1620,388,147,129,20,0,50,255,255,255,2,0,0,0,1500,0,300,0,0,
#DST_IMAGE,0,1650,388,147,129,20,0,50,255,255,255,2,0,0,0,,,,,,
#DST_IMAGE,0,1700,388,147,129,20,0,0,255,255,255,2,0,0,0,,,,,,
#DST_IMAGE,0,2500,388,147,129,20,0,0,255,255,255,2,0,0,0,,,,,,
#SRC_IMAGE,0,2,1250,550,129,132,1,1,0,0,0,0,0,,,,,,,,
#DST_IMAGE,0,0,124,-672,129,792,0,255,255,255,255,1,0,0,0,1000,0,301,0,0,
#DST_IMAGE,0,250,124,120,129,132,0,255,255,255,255,1,0,0,0,,,,,,
#DST_IMAGE,0,1060,124,120,129,132,0,255,255,255,255,1,0,0,0,,,,,,
#DST_IMAGE,0,1260,124,120,129,132,0,100,255,255,255,1,0,0,0,,,,,,
#DST_IMAGE,0,1460,124,120,129,132,0,255,255,255,255,1,0,0,0,,,,,,
#DST_IMAGE,0,2000,124,120,129,132,0,255,255,255,255,1,0,0,0,,,,,,
#SRC_IMAGE,0,2,1250,550,129,132,1,1,0,0,0,0,0,,,,,,,,
#DST_IMAGE,0,50,256,-672,129,792,0,255,255,255,255,1,0,0,0,1000,0,301,0,0,
#DST_IMAGE,0,300,256,120,129,132,0,255,255,255,255,1,0,0,0,,,,,,
#DST_IMAGE,0,1310,256,120,129,132,0,255,255,255,255,1,0,0,0,,,,,,
#DST_IMAGE,0,1510,256,120,129,132,0,100,255,255,255,1,0,0,0,,,,,,
#DST_IMAGE,0,1710,256,120,129,132,0,255,255,255,255,1,0,0,0,,,,,,
#DST_IMAGE,0,2000,256,120,129,132,0,255,255,255,255,1,0,0,0,,,,,,
#SRC_IMAGE,0,2,1250,805,129,10,1,1,0,0,0,0,0,,,,,,,,
#DST_IMAGE,0,1000,124,242,129,10,0,200,255,255,255,2,0,0,0,1000,0,301,0,0,
#DST_IMAGE,0,1030,124,242,129,10,0,200,255,255,255,2,0,0,0,,,,,,
#DST_IMAGE,0,1200,124,242,129,10,0,0,255,255,255,2,0,0,0,,,,,,
#DST_IMAGE,0,2000,124,242,129,10,0,0,255,255,255,2,0,0,0,,,,,,
#SRC_IMAGE,0,2,1250,790,129,15,1,1,0,0,0,0,0,,,,,,,,
#DST_IMAGE,0,1030,124,227,129,15,0,200,255,255,255,2,0,0,0,1000,0,301,0,0,
#DST_IMAGE,0,1060,124,227,129,15,0,200,255,255,255,2,0,0,0,,,,,,
#DST_IMAGE,0,1200,124,227,129,15,0,0,255,255,255,2,0,0,0,,,,,,
#DST_IMAGE,0,2000,124,227,129,15,0,0,255,255,255,2,0,0,0,,,,,,
#SRC_IMAGE,0,2,1250,770,129,20,1,1,0,0,0,0,0,,,,,,,,
#DST_IMAGE,0,1060,124,207,129,20,0,150,255,255,255,2,0,0,0,1000,0,301,0,0,
#DST_IMAGE,0,1090,124,207,129,20,0,150,255,255,255,2,0,0,0,,,,,,
#DST_IMAGE,0,1200,124,207,129,20,0,0,255,255,255,2,0,0,0,,,,,,
#DST_IMAGE,0,2000,124,207,129,20,0,0,255,255,255,2,0,0,0,,,,,,
#SRC_IMAGE,0,2,1250,730,129,40,1,1,0,0,0,0,0,,,,,,,,
#DST_IMAGE,0,1090,124,167,129,40,0,100,255,255,255,2,0,0,0,1000,0,301,0,0,
#DST_IMAGE,0,1120,124,167,129,40,0,100,255,255,255,2,0,0,0,,,,,,
#DST_IMAGE,0,1200,124,167,129,40,0,0,255,255,255,2,0,0,0,,,,,,
#DST_IMAGE,0,2000,124,167,129,40,0,0,255,255,255,2,0,0,0,,,,,,
#SRC_IMAGE,0,2,1250,710,129,20,1,1,0,0,0,0,0,,,,,,,,
#DST_IMAGE,0,1120,124,147,129,20,0,50,255,255,255,2,0,0,0,1000,0,301,0,0,
#DST_IMAGE,0,1150,124,147,129,20,0,50,255,255,255,2,0,0,0,,,,,,
#DST_IMAGE,0,1200,124,147,129,20,0,0,255,255,255,2,0,0,0,,,,,,
#DST_IMAGE,0,2000,124,147,129,20,0,0,255,255,255,2,0,0,0,,,,,,
#SRC_IMAGE,0,2,1250,805,129,10,1,1,0,0,0,0,0,,,,,,,,
#DST_IMAGE,0,1250,256,242,129,10,0,200,255,255,255,2,0,0,0,1250,0,301,0,0,
#DST_IMAGE,0,1280,256,242,129,10,0,200,255,255,255,2,0,0,0,,,,,,
#DST_IMAGE,0,1450,256,242,129,10,0,0,255,255,255,2,0,0,0,,,,,,
#DST_IMAGE,0,2250,256,242,129,10,0,0,255,255,255,2,0,0,0,,,,,,
#SRC_IMAGE,0,2,1250,790,129,15,1,1,0,0,0,0,0,,,,,,,,
#DST_IMAGE,0,1280,256,227,129,15,0,200,255,255,255,2,0,0,0,1250,0,301,0,0,
#DST_IMAGE,0,1310,256,227,129,15,0,200,255,255,255,2,0,0,0,,,,,,
#DST_IMAGE,0,1450,256,227,129,15,0,0,255,255,255,2,0,0,0,,,,,,
#DST_IMAGE,0,2250,256,227,129,15,0,0,255,255,255,2,0,0,0,,,,,,
#SRC_IMAGE,0,2,1250,770,129,20,1,1,0,0,0,0,0,,,,,,,,
#DST_IMAGE,0,1310,256,207,129,20,0,150,255,255,255,2,0,0,0,1250,0,301,0,0,
#DST_IMAGE,0,1340,256,207,129,20,0,150,255,255,255,2,0,0,0,,,,,,
#DST_IMAGE,0,1450,256,207,129,20,0,0,255,255,255,2,0,0,0,,,,,,
#DST_IMAGE,0,2250,256,207,129,20,0,0,255,255,255,2,0,0,0,,,,,,
#SRC_IMAGE,0,2,1250,730,129,40,1,1,0,0,0,0,0,,,,,,,,
#DST_IMAGE,0,1340,256,167,129,40,0,100,255,255,255,2,0,0,0,1250,0,301,0,0,
#DST_IMAGE,0,1370,256,167,129,40,0,100,255,255,255,2,0,0,0,,,,,,
#DST_IMAGE,0,1450,256,167,129,40,0,0,255,255,255,2,0,0,0,,,,,,
#DST_IMAGE,0,2250,256,167,129,40,0,0,255,255,255,2,0,0,0,,,,,,
#SRC_IMAGE,0,2,1250,710,129,20,1,1,0,0,0,0,0,,,,,,,,
#DST_IMAGE,0,1370,256,147,129,20,0,50,255,255,255,2,0,0,0,1250,0,301,0,0,
#DST_IMAGE,0,1400,256,147,129,20,0,50,255,255,255,2,0,0,0,,,,,,
#DST_IMAGE,0,1450,256,147,129,20,0,0,255,255,255,2,0,0,0,,,,,,
#DST_IMAGE,0,2250,256,147,129,20,0,0,255,255,255,2,0,0,0,,,,,,
#SRC_IMAGE,0,2,1250,550,129,132,1,1,0,0,0,0,0,,,,,,,,
#DST_IMAGE,0,0,124,-672,129,792,0,255,255,255,255,1,0,0,0,1000,0,302,0,0,
#DST_IMAGE,0,250,124,120,129,132,0,255,255,255,255,1,0,0,0,,,,,,
#DST_IMAGE,0,1060,124,120,129,132,0,255,255,255,255,1,0,0,0,,,,,,
#DST_IMAGE,0,1260,124,120,129,132,0,100,255,255,255,1,0,0,0,,,,,,
#DST_IMAGE,0,1460,124,120,129,132,0,255,255,255,255,1,0,0,0,,,,,,
#DST_IMAGE,0,2000,124,120,129,132,0,255,255,255,255,1,0,0,0,,,,,,
#SRC_IMAGE,0,2,1250,805,129,10,1,1,0,0,0,0,0,,,,,,,,
#DST_IMAGE,0,1000,124,242,129,10,0,200,255,255,255,2,0,0,0,1000,0,302,0,0,
#DST_IMAGE,0,1030,124,242,129,10,0,200,255,255,255,2,0,0,0,,,,,,
#DST_IMAGE,0,1200,124,242,129,10,0,0,255,255,255,2,0,0,0,,,,,,
#DST_IMAGE,0,2000,124,242,129,10,0,0,255,255,255,2,0,0,0,,,,,,
#SRC_IMAGE,0,2,1250,790,129,15,1,1,0,0,0,0,0,,,,,,,,
#DST_IMAGE,0,1030,124,227,129,15,0,200,255,255,255,2,0,0,0,1000,0,302,0,0,
#DST_IMAGE,0,1060,124,227,129,15,0,200,255,255,255,2,0,0,0,,,,,,
#DST_IMAGE,0,1200,124,227,129,15,0,0,255,255,255,2,0,0,0,,,,,,
#DST_IMAGE,0,2000,124,227,129,15,0,0,255,255,255,2,0,0,0,,,,,,
#SRC_IMAGE,0,2,1250,770,129,20,1,1,0,0,0,0,0,,,,,,,,
#DST_IMAGE,0,1060,124,207,129,20,0,150,255,255,255,2,0,0,0,1000,0,302,0,0,
#DST_IMAGE,0,1090,124,207,129,20,0,150,255,255,255,2,0,0,0,,,,,,
#DST_IMAGE,0,1200,124,207,129,20,0,0,255,255,255,2,0,0,0,,,,,,
#DST_IMAGE,0,2000,124,207,129,20,0,0,255,255,255,2,0,0,0,,,,,,
#SRC_IMAGE,0,2,1250,730,129,40,1,1,0,0,0,0,0,,,,,,,,
#DST_IMAGE,0,1090,124,167,129,40,0,100,255,255,255,2,0,0,0,1000,0,302,0,0,
#DST_IMAGE,0,1120,124,167,129,40,0,100,255,255,255,2,0,0,0,,,,,,
#DST_IMAGE,0,1200,124,167,129,40,0,0,255,255,255,2,0,0,0,,,,,,
#DST_IMAGE,0,2000,124,167,129,40,0,0,255,255,255,2,0,0,0,,,,,,
#SRC_IMAGE,0,2,1250,710,129,20,1,1,0,0,0,0,0,,,,,,,,
#DST_IMAGE,0,1120,124,147,129,20,0,50,255,255,255,2,0,0,0,1000,0,302,0,0,
#DST_IMAGE,0,1150,124,147,129,20,0,50,255,255,255,2,0,0,0,,,,,,
#DST_IMAGE,0,1200,124,147,129,20,0,0,255,255,255,2,0,0,0,,,,,,
#DST_IMAGE,0,2000,124,147,129,20,0,0,255,255,255,2,0,0,0,,,,,,
#SRC_IMAGE,0,2,1380,550,129,132,1,1,0,0,0,0,0,,,,,,,,
#DST_IMAGE,0,0,124,-672,129,792,0,255,255,255,255,1,0,0,0,1000,0,303,0,0,
#DST_IMAGE,0,250,124,120,129,132,0,255,255,255,255,1,0,0,0,,,,,,
#DST_IMAGE,0,1060,124,120,129,132,0,255,255,255,255,1,0,0,0,,,,,,
#DST_IMAGE,0,1260,124,120,129,132,0,100,255,255,255,1,0,0,0,,,,,,
#DST_IMAGE,0,1460,124,120,129,132,0,255,255,255,255,1,0,0,0,,,,,,
#DST_IMAGE,0,2000,124,120,129,132,0,255,255,255,255,1,0,0,0,,,,,,
#SRC_IMAGE,0,2,1380,805,129,10,1,1,0,0,0,0,0,,,,,,,,
#DST_IMAGE,0,1000,124,242,129,10,0,200,255,255,255,2,0,0,0,1000,0,303,0,0,
#DST_IMAGE,0,1030,124,242,129,10,0,200,255,255,255,2,0,0,0,,,,,,
#DST_IMAGE,0,1200,124,242,129,10,0,0,255,255,255,2,0,0,0,,,,,,
#DST_IMAGE,0,2000,124,242,129,10,0,0,255,255,255,2,0,0,0,,,,,,
#SRC_IMAGE,0,2,1380,790,129,15,1,1,0,0,0,0,0,,,,,,,,
#DST_IMAGE,0,1030,124,227,129,15,0,200,255,255,255,2,0,0,0,1000,0,303,0,0,
#DST_IMAGE,0,1060,124,227,129,15,0,200,255,255,255,2,0,0,0,,,,,,
#DST_IMAGE,0,1200,124,227,129,15,0,0,255,255,255,2,0,0,0,,,,,,
#DST_IMAGE,0,2000,124,227,129,15,0,0,255,255,255,2,0,0,0,,,,,,
#SRC_IMAGE,0,2,1380,770,129,20,1,1,0,0,0,0,0,,,,,,,,
#DST_IMAGE,0,1060,124,207,129,20,0,150,255,255,255,2,0,0,0,1000,0,303,0,0,
#DST_IMAGE,0,1090,124,207,129,20,0,150,255,255,255,2,0,0,0,,,,,,
#DST_IMAGE,0,1200,124,207,129,20,0,0,255,255,255,2,0,0,0,,,,,,
#DST_IMAGE,0,2000,124,207,129,20,0,0,255,255,255,2,0,0,0,,,,,,
#SRC_IMAGE,0,2,1380,730,129,40,1,1,0,0,0,0,0,,,,,,,,
#DST_IMAGE,0,1090,124,167,129,40,0,100,255,255,255,2,0,0,0,1000,0,303,0,0,
#DST_IMAGE,0,1120,124,167,129,40,0,100,255,255,255,2,0,0,0,,,,,,
#DST_IMAGE,0,1200,124,167,129,40,0,0,255,255,255,2,0,0,0,,,,,,
#DST_IMAGE,0,2000,124,167,129,40,0,0,255,255,255,2,0,0,0,,,,,,
#SRC_IMAGE,0,2,1380,710,129,20,1,1,0,0,0,0,0,,,,,,,,
#DST_IMAGE,0,1120,124,147,129,20,0,50,255,255,255,2,0,0,0,1000,0,303,0,0,
#DST_IMAGE,0,1150,124,147,129,20,0,50,255,255,255,2,0,0,0,,,,,,
#DST_IMAGE,0,1200,124,147,129,20,0,0,255,255,255,2,0,0,0,,,,,,
#DST_IMAGE,0,2000,124,147,129,20,0,0,255,255,255,2,0,0,0,,,,,,
#SRC_IMAGE,0,2,1510,550,129,132,1,1,0,0,0,0,0,,,,,,,,
#DST_IMAGE,0,0,124,-672,129,792,0,255,255,255,255,1,0,0,0,1000,0,304,0,0,
#DST_IMAGE,0,250,124,120,129,132,0,255,255,255,255,1,0,0,0,,,,,,
#DST_IMAGE,0,1060,124,120,129,132,0,255,255,255,255,1,0,0,0,,,,,,
#DST_IMAGE,0,1260,124,120,129,132,0,100,255,255,255,1,0,0,0,,,,,,
#DST_IMAGE,0,1460,124,120,129,132,0,255,255,255,255,1,0,0,0,,,,,,
#DST_IMAGE,0,2000,124,120,129,132,0,255,255,255,255,1,0,0,0,,,,,,
#SRC_IMAGE,0,2,1510,805,129,10,1,1,0,0,0,0,0,,,,,,,,
#DST_IMAGE,0,1000,124,242,129,10,0,200,255,255,255,2,0,0,0,1000,0,304,0,0,
#DST_IMAGE,0,1030,124,242,129,10,0,200,255,255,255,2,0,0,0,,,,,,
#DST_IMAGE,0,1200,124,242,129,10,0,0,255,255,255,2,0,0,0,,,,,,
#DST_IMAGE,0,2000,124,242,129,10,0,0,255,255,255,2,0,0,0,,,,,,
#SRC_IMAGE,0,2,1510,790,129,15,1,1,0,0,0,0,0,,,,,,,,
#DST_IMAGE,0,1030,124,227,129,15,0,200,255,255,255,2,0,0,0,1000,0,304,0,0,
#DST_IMAGE,0,1060,124,227,129,15,0,200,255,255,255,2,0,0,0,,,,,,
#DST_IMAGE,0,1200,124,227,129,15,0,0,255,255,255,2,0,0,0,,,,,,
#DST_IMAGE,0,2000,124,227,129,15,0,0,255,255,255,2,0,0,0,,,,,,
#SRC_IMAGE,0,2,1510,770,129,20,1,1,0,0,0,0,0,,,,,,,,
#DST_IMAGE,0,1060,124,207,129,20,0,150,255,255,255,2,0,0,0,1000,0,304,0,0,
#DST_IMAGE,0,1090,124,207,129,20,0,150,255,255,255,2,0,0,0,,,,,,
#DST_IMAGE,0,1200,124,207,129,20,0,0,255,255,255,2,0,0,0,,,,,,
#DST_IMAGE,0,2000,124,207,129,20,0,0,255,255,255,2,0,0,0,,,,,,
#SRC_IMAGE,0,2,1510,730,129,40,1,1,0,0,0,0,0,,,,,,,,
#DST_IMAGE,0,1090,124,167,129,40,0,100,255,255,255,2,0,0,0,1000,0,304,0,0,
#DST_IMAGE,0,1120,124,167,129,40,0,100,255,255,255,2,0,0,0,,,,,,
#DST_IMAGE,0,1200,124,167,129,40,0,0,255,255,255,2,0,0,0,,,,,,
#DST_IMAGE,0,2000,124,167,129,40,0,0,255,255,255,2,0,0,0,,,,,,
#SRC_IMAGE,0,2,1510,710,129,20,1,1,0,0,0,0,0,,,,,,,,
#DST_IMAGE,0,1120,124,147,129,20,0,50,255,255,255,2,0,0,0,1000,0,304,0,0,
#DST_IMAGE,0,1150,124,147,129,20,0,50,255,255,255,2,0,0,0,,,,,,
#DST_IMAGE,0,1200,124,147,129,20,0,0,255,255,255,2,0,0,0,,,,,,
#DST_IMAGE,0,2000,124,147,129,20,0,0,255,255,255,2,0,0,0,,,,,,
#SRC_IMAGE,0,2,1640,550,129,132,1,1,0,0,0,0,0,,,,,,,,
#DST_IMAGE,0,0,124,-672,129,792,0,255,255,255,255,1,0,0,0,1000,0,305,0,0,
#DST_IMAGE,0,250,124,120,129,132,0,255,255,255,255,1,0,0,0,,,,,,
#DST_IMAGE,0,1060,124,120,129,132,0,255,255,255,255,1,0,0,0,,,,,,
#DST_IMAGE,0,1260,124,120,129,132,0,100,255,255,255,1,0,0,0,,,,,,
#DST_IMAGE,0,1460,124,120,129,132,0,255,255,255,255,1,0,0,0,,,,,,
#DST_IMAGE,0,2000,124,120,129,132,0,255,255,255,255,1,0,0,0,,,,,,
#SRC_IMAGE,0,2,1640,805,129,10,1,1,0,0,0,0,0,,,,,,,,
#DST_IMAGE,0,1000,124,242,129,10,0,200,255,255,255,2,0,0,0,1000,0,305,0,0,
#DST_IMAGE,0,1030,124,242,129,10,0,200,255,255,255,2,0,0,0,,,,,,
#DST_IMAGE,0,1200,124,242,129,10,0,0,255,255,255,2,0,0,0,,,,,,
#DST_IMAGE,0,2000,124,242,129,10,0,0,255,255,255,2,0,0,0,,,,,,
#SRC_IMAGE,0,2,1640,790,129,15,1,1,0,0,0,0,0,,,,,,,,
#DST_IMAGE,0,1030,124,227,129,15,0,200,255,255,255,2,0,0,0,1000,0,305,0,0,
#DST_IMAGE,0,1060,124,227,129,15,0,200,255,255,255,2,0,0,0,,,,,,
#DST_IMAGE,0,1200,124,227,129,15,0,0,255,255,255,2,0,0,0,,,,,,
#DST_IMAGE,0,2000,124,227,129,15,0,0,255,255,255,2,0,0,0,,,,,,
#SRC_IMAGE,0,2,1640,770,129,20,1,1,0,0,0,0,0,,,,,,,,
#DST_IMAGE,0,1060,124,207,129,20,0,150,255,255,255,2,0,0,0,1000,0,305,0,0,
#DST_IMAGE,0,1090,124,207,129,20,0,150,255,255,255,2,0,0,0,,,,,,
#DST_IMAGE,0,1200,124,207,129,20,0,0,255,255,255,2,0,0,0,,,,,,
#DST_IMAGE,0,2000,124,207,129,20,0,0,255,255,255,2,0,0,0,,,,,,
#SRC_IMAGE,0,2,1640,730,129,40,1,1,0,0,0,0,0,,,,,,,,
#DST_IMAGE,0,1090,124,167,129,40,0,100,255,255,255,2,0,0,0,1000,0,305,0,0,
#DST_IMAGE,0,1120,124,167,129,40,0,100,255,255,255,2,0,0,0,,,,,,
#DST_IMAGE,0,1200,124,167,129,40,0,0,255,255,255,2,0,0,0,,,,,,
#DST_IMAGE,0,2000,124,167,129,40,0,0,255,255,255,2,0,0,0,,,,,,
#SRC_IMAGE,0,2,1640,710,129,20,1,1,0,0,0,0,0,,,,,,,,
#DST_IMAGE,0,1120,124,147,129,20,0,50,255,255,255,2,0,0,0,1000,0,305,0,0,
#DST_IMAGE,0,1150,124,147,129,20,0,50,255,255,255,2,0,0,0,,,,,,
#DST_IMAGE,0,1200,124,147,129,20,0,0,255,255,255,2,0,0,0,,,,,,
#DST_IMAGE,0,2000,124,147,129,20,0,0,255,255,255,2,0,0,0,,,,,,
#SRC_IMAGE,0,2,1770,550,129,132,1,1,0,0,0,0,0,,,,,,,,
#DST_IMAGE,0,0,124,-672,129,792,0,255,255,255,255,1,0,0,0,1000,0,306,0,0,
#DST_IMAGE,0,250,124,120,129,132,0,255,255,255,255,1,0,0,0,,,,,,
#DST_IMAGE,0,1060,124,120,129,132,0,255,255,255,255,1,0,0,0,,,,,,
#DST_IMAGE,0,1260,124,120,129,132,0,100,255,255,255,1,0,0,0,,,,,,
#DST_IMAGE,0,1460,124,120,129,132,0,255,255,255,255,1,0,0,0,,,,,,
#DST_IMAGE,0,2000,124,120,129,132,0,255,255,255,255,1,0,0,0,,,,,,
#SRC_IMAGE,0,2,1770,805,129,10,1,1,0,0,0,0,0,,,,,,,,
#DST_IMAGE,0,1000,124,242,129,10,0,200,255,255,255,2,0,0,0,1000,0,306,0,0,
#DST_IMAGE,0,1030,124,242,129,10,0,200,255,255,255,2,0,0,0,,,,,,
#DST_IMAGE,0,1200,124,242,129,10,0,0,255,255,255,2,0,0,0,,,,,,
#DST_IMAGE,0,2000,124,242,129,10,0,0,255,255,255,2,0,0,0,,,,,,
#SRC_IMAGE,0,2,1770,790,129,15,1,1,0,0,0,0,0,,,,,,,,
#DST_IMAGE,0,1030,124,227,129,15,0,200,255,255,255,2,0,0,0,1000,0,306,0,0,
#DST_IMAGE,0,1060,124,227,129,15,0,200,255,255,255,2,0,0,0,,,,,,
#DST_IMAGE,0,1200,124,227,129,15,0,0,255,255,255,2,0,0,0,,,,,,
#DST_IMAGE,0,2000,124,227,129,15,0,0,255,255,255,2,0,0,0,,,,,,
#SRC_IMAGE,0,2,1770,770,129,20,1,1,0,0,0,0,0,,,,,,,,
#DST_IMAGE,0,1060,124,207,129,20,0,150,255,255,255,2,0,0,0,1000,0,306,0,0,
#DST_IMAGE,0,1090,124,207,129,20,0,150,255,255,255,2,0,0,0,,,,,,
#DST_IMAGE,0,1200,124,207,129,20,0,0,255,255,255,2,0,0,0,,,,,,
#DST_IMAGE,0,2000,124,207,129,20,0,0,255,255,255,2,0,0,0,,,,,,
#SRC_IMAGE,0,2,1770,730,129,40,1,1,0,0,0,0,0,,,,,,,,
#DST_IMAGE,0,1090,124,167,129,40,0,100,255,255,255,2,0,0,0,1000,0,306,0,0,
#DST_IMAGE,0,1120,124,167,129,40,0,100,255,255,255,2,0,0,0,,,,,,
#DST_IMAGE,0,1200,124,167,129,40,0,0,255,255,255,2,0,0,0,,,,,,
#DST_IMAGE,0,2000,124,167,129,40,0,0,255,255,255,2,0,0,0,,,,,,
#SRC_IMAGE,0,2,1770,710,129,20,1,1,0,0,0,0,0,,,,,,,,
#DST_IMAGE,0,1120,124,147,129,20,0,50,255,255,255,2,0,0,0,1000,0,306,0,0,
#DST_IMAGE,0,1150,124,147,129,20,0,50,255,255,255,2,0,0,0,,,,,,
#DST_IMAGE,0,1200,124,147,129,20,0,0,255,255,255,2,0,0,0,,,,,,
#DST_IMAGE,0,2000,124,147,129,20,0,0,255,255,255,2,0,0,0,,,,,,
#SRC_IMAGE,0,2,1900,550,129,132,1,1,0,0,0,0,0,,,,,,,,
#DST_IMAGE,0,0,124,-672,129,792,0,255,255,255,255,1,0,0,0,1000,0,307,0,0,
#DST_IMAGE,0,250,124,120,129,132,0,255,255,255,255,1,0,0,0,,,,,,
#DST_IMAGE,0,1060,124,120,129,132,0,255,255,255,255,1,0,0,0,,,,,,
#DST_IMAGE,0,1260,124,120,129,132,0,100,255,255,255,1,0,0,0,,,,,,
#DST_IMAGE,0,1460,124,120,129,132,0,255,255,255,255,1,0,0,0,,,,,,
#DST_IMAGE,0,2000,124,120,129,132,0,255,255,255,255,1,0,0,0,,,,,,
#SRC_IMAGE,0,2,1900,805,129,10,1,1,0,0,0,0,0,,,,,,,,
#DST_IMAGE,0,1000,124,242,129,10,0,200,255,255,255,2,0,0,0,1000,0,307,0,0,
#DST_IMAGE,0,1030,124,242,129,10,0,200,255,255,255,2,0,0,0,,,,,,
#DST_IMAGE,0,1200,124,242,129,10,0,0,255,255,255,2,0,0,0,,,,,,
#DST_IMAGE,0,2000,124,242,129,10,0,0,255,255,255,2,0,0,0,,,,,,
#SRC_IMAGE,0,2,1900,790,129,15,1,1,0,0,0,0,0,,,,,,,,
#DST_IMAGE,0,1030,124,227,129,15,0,200,255,255,255,2,0,0,0,1000,0,307,0,0,
#DST_IMAGE,0,1060,124,227,129,15,0,200,255,255,255,2,0,0,0,,,,,,
#DST_IMAGE,0,1200,124,227,129,15,0,0,255,255,255,2,0,0,0,,,,,,
#DST_IMAGE,0,2000,124,227,129,15,0,0,255,255,255,2,0,0,0,,,,,,
#SRC_IMAGE,0,2,1900,770,129,20,1,1,0,0,0,0,0,,,,,,,,
#DST_IMAGE,0,1060,124,207,129,20,0,150,255,255,255,2,0,0,0,1000,0,307,0,0,
#DST_IMAGE,0,1090,124,207,129,20,0,150,255,255,255,2,0,0,0,,,,,,
#DST_IMAGE,0,1200,124,207,129,20,0,0,255,255,255,2,0,0,0,,,,,,
#DST_IMAGE,0,2000,124,207,129,20,0,0,255,255,255,2,0,0,0,,,,,,
#SRC_IMAGE,0,2,1900,730,129,40,1,1,0,0,0,0,0,,,,,,,,
#DST_IMAGE,0,1090,124,167,129,40,0,100,255,255,255,2,0,0,0,1000,0,307,0,0,
#DST_IMAGE,0,1120,124,167,129,40,0,100,255,255,255,2,0,0,0,,,,,,
#DST_IMAGE,0,1200,124,167,129,40,0,0,255,255,255,2,0,0,0,,,,,,
#DST_IMAGE,0,2000,124,167,129,40,0,0,255,255,255,2,0,0,0,,,,,,
#SRC_IMAGE,0,2,1900,710,129,20,1,1,0,0,0,0,0,,,,,,,,
#DST_IMAGE,0,1120,124,147,129,20,0,50,255,255,255,2,0,0,0,1000,0,307,0,0,
#DST_IMAGE,0,1150,124,147,129,20,0,50,255,255,255,2,0,0,0,,,,,,
#DST_IMAGE,0,1200,124,147,129,20,0,0,255,255,255,2,0,0,0,,,,,,
#DST_IMAGE,0,2000,124,147,129,20,0,0,255,255,255,2,0,0,0,,,,,,
#SRC_IMAGE,0,2,1900,550,129,132,1,1,0,0,0,0,0,,,,,,,,
#DST_IMAGE,0,0,124,-672,129,792,0,255,255,255,255,1,0,0,0,1000,0,308,0,0,
#DST_IMAGE,0,250,124,120,129,132,0,255,255,255,255,1,0,0,0,,,,,,
#DST_IMAGE,0,1060,124,120,129,132,0,255,255,255,255,1,0,0,0,,,,,,
#DST_IMAGE,0,1260,124,120,129,132,0,100,255,255,255,1,0,0,0,,,,,,
#DST_IMAGE,0,1460,124,120,129,132,0,255,255,255,255,1,0,0,0,,,,,,
#DST_IMAGE,0,2000,124,120,129,132,0,255,255,255,255,1,0,0,0,,,,,,
#SRC_IMAGE,0,2,1900,805,129,10,1,1,0,0,0,0,0,,,,,,,,
#DST_IMAGE,0,1000,124,242,129,10,0,200,255,255,255,2,0,0,0,1000,0,308,0,0,
#DST_IMAGE,0,1030,124,242,129,10,0,200,255,255,255,2,0,0,0,,,,,,
#DST_IMAGE,0,1200,124,242,129,10,0,0,255,255,255,2,0,0,0,,,,,,
#DST_IMAGE,0,2000,124,242,129,10,0,0,255,255,255,2,0,0,0,,,,,,
#SRC_IMAGE,0,2,1900,790,129,15,1,1,0,0,0,0,0,,,,,,,,
#DST_IMAGE,0,1030,124,227,129,15,0,200,255,255,255,2,0,0,0,1000,0,308,0,0,
#DST_IMAGE,0,1060,124,227,129,15,0,200,255,255,255,2,0,0,0,,,,,,
#DST_IMAGE,0,1200,124,227,129,15,0,0,255,255,255,2,0,0,0,,,,,,
#DST_IMAGE,0,2000,124,227,129,15,0,0,255,255,255,2,0,0,0,,,,,,
#SRC_IMAGE,0,2,1900,770,129,20,1,1,0,0,0,0,0,,,,,,,,
#DST_IMAGE,0,1060,124,207,129,20,0,150,255,255,255,2,0,0,0,1000,0,308,0,0,
#DST_IMAGE,0,1090,124,207,129,20,0,150,255,255,255,2,0,0,0,,,,,,
#DST_IMAGE,0,1200,124,207,129,20,0,0,255,255,255,2,0,0,0,,,,,,
#DST_IMAGE,0,2000,124,207,129,20,0,0,255,255,255,2,0,0,0,,,,,,
#SRC_IMAGE,0,2,1900,730,129,40,1,1,0,0,0,0,0,,,,,,,,
#DST_IMAGE,0,1090,124,167,129,40,0,100,255,255,255,2,0,0,0,1000,0,308,0,0,
#DST_IMAGE,0,1120,124,167,129,40,0,100,255,255,255,2,0,0,0,,,,,,
#DST_IMAGE,0,1200,124,167,129,40,0,0,255,255,255,2,0,0,0,,,,,,
#DST_IMAGE,0,2000,124,167,129,40,0,0,255,255,255,2,0,0,0,,,,,,
#SRC_IMAGE,0,2,1900,710,129,20,1,1,0,0,0,0,0,,,,,,,,
#DST_IMAGE,0,1120,124,147,129,20,0,50,255,255,255,2,0,0,0,1000,0,308,0,0,
#DST_IMAGE,0,1150,124,147,129,20,0,50,255,255,255,2,0,0,0,,,,,,
#DST_IMAGE,0,1200,124,147,129,20,0,0,255,255,255,2,0,0,0,,,,,,
#DST_IMAGE,0,2000,124,147,129,20,0,0,255,255,255,2,0,0,0,,,,,,
#SRC_IMAGE,0,1,0,750,439,32,1,1,0,0,0,0,0,,,,,,,,
#DST_IMAGE,0,600,70,287,439,32,0,0,255,255,255,1,0,0,0,700,0,160,0,0,
#DST_IMAGE,0,700,70,287,439,32,0,255,255,255,255,1,0,0,0,,,,,,
#SRC_IMAGE,0,1,0,800,439,57,1,1,0,0,0,0,0,,,,,,,,
#DST_IMAGE,0,600,70,262,439,57,0,0,255,255,255,1,0,0,0,700,0,162,0,0,
#DST_IMAGE,0,700,70,262,439,57,0,255,255,255,255,1,0,0,0,,,,,,
#SRC_IMAGE,0,1,0,0,50,24,1,1,0,0,0,0,0,,,,,,,,
#DST_IMAGE,0,600,78,292,50,24,0,0,0,0,255,1,0,0,0,700,0,184,160,0,
#DST_IMAGE,0,700,78,292,50,24,0,255,0,0,255,1,0,0,0,,,,,,
#SRC_IMAGE,0,1,0,0,50,24,1,1,0,0,0,0,0,,,,,,,,
#DST_IMAGE,0,600,78,292,50,24,0,0,0,255,0,1,0,0,0,700,0,183,160,0,
#DST_IMAGE,0,700,78,292,50,24,0,255,0,255,0,1,0,0,0,,,,,,
#SRC_IMAGE,0,1,0,0,50,24,1,1,0,0,0,0,0,,,,,,,,
#DST_IMAGE,0,600,78,292,50,24,0,0,0,255,255,1,0,0,0,700,0,182,160,0,
#DST_IMAGE,0,700,78,292,50,24,0,255,0,255,255,1,0,0,0,,,,,,
#SRC_IMAGE,0,1,0,0,50,24,1,1,0,0,0,0,0,,,,,,,,
#DST_IMAGE,0,600,78,292,50,24,0,0,255,128,0,1,0,0,0,700,0,181,160,0,
#DST_IMAGE,0,700,78,292,50,24,0,255,255,128,0,1,0,0,0,,,,,,
#SRC_IMAGE,0,1,0,0,50,24,1,1,0,0,0,0,0,,,,,,,,
#DST_IMAGE,0,600,78,292,50,24,0,0,255,0,0,1,0,0,0,700,0,180,160,0,
#DST_IMAGE,0,700,78,292,50,24,0,255,255,0,0,1,0,0,0,,,,,,
#SRC_IMAGE,0,1,0,0,50,24,1,1,0,0,0,0,0,,,,,,,,
#DST_IMAGE,0,600,78,292,50,24,0,0,0,0,255,1,0,0,0,700,0,184,161,0,
#DST_IMAGE,0,700,78,292,50,24,0,255,0,0,255,1,0,0,0,,,,,,
#SRC_IMAGE,0,1,0,0,50,24,1,1,0,0,0,0,0,,,,,,,,
#DST_IMAGE,0,600,78,292,50,24,0,0,0,255,0,1,0,0,0,700,0,183,161,0,
#DST_IMAGE,0,700,78,292,50,24,0,255,0,255,0,1,0,0,0,,,,,,
#SRC_IMAGE,0,1,0,0,50,24,1,1,0,0,0,0,0,,,,,,,,
#DST_IMAGE,0,600,78,292,50,24,0,0,0,255,255,1,0,0,0,700,0,182,161,0,
#DST_IMAGE,0,700,78,292,50,24,0,255,0,255,255,1,0,0,0,,,,,,
#SRC_IMAGE,0,1,0,0,50,24,1,1,0,0,0,0,0,,,,,,,,
#DST_IMAGE,0,600,78,292,50,24,0,0,255,128,0,1,0,0,0,700,0,181,161,0,
#DST_IMAGE,0,700,78,292,50,24,0,255,255,128,0,1,0,0,0,,,,,,
#SRC_IMAGE,0,1,0,0,50,24,1,1,0,0,0,0,0,,,,,,,,
#DST_IMAGE,0,600,78,292,50,24,0,0,255,0,0,1,0,0,0,700,0,180,161,0,
#DST_IMAGE,0,700,78,292,50,24,0,255,255,0,0,1,0,0,0,,,,,,
#SRC_IMAGE,0,1,50,0,50,24,1,1,0,0,0,0,0,,,,,,,,
#DST_IMAGE,0,600,78,267,50,24,0,0,0,0,255,1,0,0,0,700,0,184,162,0,
#DST_IMAGE,0,700,78,267,50,24,0,255,0,0,255,1,0,0,0,,,,,,
#SRC_IMAGE,0,1,50,0,50,24,1,1,0,0,0,0,0,,,,,,,,
#DST_IMAGE,0,600,78,267,50,24,0,0,0,255,0,1,0,0,0,700,0,183,162,0,
#DST_IMAGE,0,700,78,267,50,24,0,255,0,255,0,1,0,0,0,,,,,,
#SRC_IMAGE,0,1,50,0,50,24,1,1,0,0,0,0,0,,,,,,,,
#DST_IMAGE,0,600,78,267,50,24,0,0,0,255,255,1,0,0,0,700,0,182,162,0,
#DST_IMAGE,0,700,78,267,50,24,0,255,0,255,255,1,0,0,0,,,,,,
#SRC_IMAGE,0,1,50,0,50,24,1,1,0,0,0,0,0,,,,,,,,
#DST_IMAGE,0,600,78,267,50,24,0,0,255,128,0,1,0,0,0,700,0,181,162,0,
#DST_IMAGE,0,700,78,267,50,24,0,255,255,128,0,1,0,0,0,,,,,,
#SRC_IMAGE,0,1,50,0,50,24,1,1,0,0,0,0,0,,,,,,,,
#DST_IMAGE,0,600,78,267,50,24,0,0,255,0,0,1,0,0,0,700,0,180,162,0,
#DST_IMAGE,0,700,78,267,50,24,0,255,255,0,0,1,0,0,0,,,,,,
#SRC_IMAGE,0,1,50,0,50,24,1,1,0,0,0,0,0,,,,,,,,
#DST_IMAGE,0,600,78,267,50,24,0,0,0,0,255,1,0,0,0,700,0,184,163,0,
#DST_IMAGE,0,700,78,267,50,24,0,255,0,0,255,1,0,0,0,,,,,,
#SRC_IMAGE,0,1,50,0,50,24,1,1,0,0,0,0,0,,,,,,,,
#DST_IMAGE,0,600,78,267,50,24,0,0,0,255,0,1,0,0,0,700,0,183,163,0,
#DST_IMAGE,0,700,78,267,50,24,0,255,0,255,0,1,0,0,0,,,,,,
#SRC_IMAGE,0,1,50,0,50,24,1,1,0,0,0,0,0,,,,,,,,
#DST_IMAGE,0,600,78,267,50,24,0,0,0,255,255,1,0,0,0,700,0,182,163,0,
#DST_IMAGE,0,700,78,267,50,24,0,255,0,255,255,1,0,0,0,,,,,,
#SRC_IMAGE,0,1,50,0,50,24,1,1,0,0,0,0,0,,,,,,,,
#DST_IMAGE,0,600,78,267,50,24,0,0,255,128,0,1,0,0,0,700,0,181,163,0,
#DST_IMAGE,0,700,78,267,50,24,0,255,255,128,0,1,0,0,0,,,,,,
#SRC_IMAGE,0,1,50,0,50,24,1,1,0,0,0,0,0,,,,,,,,
#DST_IMAGE,0,600,78,267,50,24,0,0,255,0,0,1,0,0,0,700,0,180,163,0,
#DST_IMAGE,0,700,78,267,50,24,0,255,255,0,0,1,0,0,0,,,,,,
#SRC_IMAGE,0,1,100,0,50,24,1,1,0,0,0,0,0,,,,,,,,
#DST_IMAGE,0,600,78,292,50,24,0,0,0,0,255,1,0,0,0,700,0,184,164,0,
#DST_IMAGE,0,700,78,292,50,24,0,255,0,0,255,1,0,0,0,,,,,,
#SRC_IMAGE,0,1,100,0,50,24,1,1,0,0,0,0,0,,,,,,,,
#DST_IMAGE,0,600,78,292,50,24,0,0,0,255,0,1,0,0,0,700,0,183,164,0,
#DST_IMAGE,0,700,78,292,50,24,0,255,0,255,0,1,0,0,0,,,,,,
#SRC_IMAGE,0,1,100,0,50,24,1,1,0,0,0,0,0,,,,,,,,
#DST_IMAGE,0,600,78,292,50,24,0,0,0,255,255,1,0,0,0,700,0,182,164,0,
#DST_IMAGE,0,700,78,292,50,24,0,255,0,255,255,1,0,0,0,,,,,,
#SRC_IMAGE,0,1,100,0,50,24,1,1,0,0,0,0,0,,,,,,,,
#DST_IMAGE,0,600,78,292,50,24,0,0,255,128,0,1,0,0,0,700,0,181,164,0,
#DST_IMAGE,0,700,78,292,50,24,0,255,255,128,0,1,0,0,0,,,,,,
#SRC_IMAGE,0,1,100,0,50,24,1,1,0,0,0,0,0,,,,,,,,
#DST_IMAGE,0,600,78,292,50,24,0,0,255,0,0,1,0,0,0,700,0,180,164,0,
#DST_IMAGE,0,700,78,292,50,24,0,255,255,0,0,1,0,0,0,,,,,,
#SRC_IMAGE,0,1,150,0,50,24,1,1,0,0,0,0,0,,,,,,,,
#DST_IMAGE,0,600,78,292,50,24,0,0,0,0,255,1,0,0,0,700,0,184,1160,0,
#DST_IMAGE,0,700,78,292,50,24,0,255,0,0,255,1,0,0,0,,,,,,
#SRC_IMAGE,0,1,150,0,50,24,1,1,0,0,0,0,0,,,,,,,,
#DST_IMAGE,0,600,78,292,50,24,0,0,0,255,0,1,0,0,0,700,0,183,1160,0,
#DST_IMAGE,0,700,78,292,50,24,0,255,0,255,0,1,0,0,0,,,,,,
#SRC_IMAGE,0,1,150,0,50,24,1,1,0,0,0,0,0,,,,,,,,
#DST_IMAGE,0,600,78,292,50,24,0,0,0,255,255,1,0,0,0,700,0,182,1160,0,
#DST_IMAGE,0,700,78,292,50,24,0,255,0,255,255,1,0,0,0,,,,,,
#SRC_IMAGE,0,1,150,0,50,24,1,1,0,0,0,0,0,,,,,,,,
#DST_IMAGE,0,600,78,292,50,24,0,0,255,128,0,1,0,0,0,700,0,181,1160,0,
#DST_IMAGE,0,700,78,292,50,24,0,255,255,128,0,1,0,0,0,,,,,,
#SRC_IMAGE,0,1,150,0,50,24,1,1,0,0,0,0,0,,,,,,,,
#DST_IMAGE,0,600,78,292,50,24,0,0,255,0,0,1,0,0,0,700,0,180,1160,0,
#DST_IMAGE,0,700,78,292,50,24,0,255,255,0,0,1,0,0,0,,,,,,
#SRC_IMAGE,0,1,200,0,50,24,1,1,0,0,0,0,0,,,,,,,,
#DST_IMAGE,0,600,78,292,50,24,0,0,0,0,255,1,0,0,0,700,0,184,1161,0,
#DST_IMAGE,0,700,78,292,50,24,0,255,0,0,255,1,0,0,0,,,,,,
#SRC_IMAGE,0,1,200,0,50,24,1,1,0,0,0,0,0,,,,,,,,
#DST_IMAGE,0,600,78,292,50,24,0,0,0,255,0,1,0,0,0,700,0,183,1161,0,
#DST_IMAGE,0,700,78,292,50,24,0,255,0,255,0,1,0,0,0,,,,,,
#SRC_IMAGE,0,1,200,0,50,24,1,1,0,0,0,0,0,,,,,,,,
#DST_IMAGE,0,600,78,292,50,24,0,0,0,255,255,1,0,0,0,700,0,182,1161,0,
#DST_IMAGE,0,700,78,292,50,24,0,255,0,255,255,1,0,0,0,,,,,,
#SRC_IMAGE,0,1,200,0,50,24,1,1,0,0,0,0,0,,,,,,,,
#DST_IMAGE,0,600,78,292,50,24,0,0,255,128,0,1,0,0,0,700,0,181,1161,0,
#DST_IMAGE,0,700,78,292,50,24,0,255,255,128,0,1,0,0,0,,,,,,
#SRC_IMAGE,0,1,200,0,50,24,1,1,0,0,0,0,0,,,,,,,,
#DST_IMAGE,0,600,78,292,50,24,0,0,255,0,0,1,0,0,0,700,0,180,1161,0,
#DST_IMAGE,0,700,78,292,50,24,0,255,255,0,0,1,0,0,0,,,,,,
#SRC_IMAGE,0,1,0,30,122,24,1,1,0,0,0,0,0,,,,,,,,
#DST_IMAGE,0,600,117,292,122,24,0,0,255,255,255,1,0,0,0,700,0,150,!162,!163,
#DST_IMAGE,0,700,117,292,122,24,0,255,255,255,255,1,0,0,0,,,,,,
#SRC_IMAGE,0,1,0,60,122,24,1,1,0,0,0,0,0,,,,,,,,
#DST_IMAGE,0,600,117,292,122,24,0,0,255,255,255,1,0,0,0,700,0,151,!162,!163,
#DST_IMAGE,0,700,117,292,122,24,0,255,255,255,255,1,0,0,0,,,,,,
#SRC_IMAGE,0,1,0,90,122,24,1,1,0,0,0,0,0,,,,,,,,
#DST_IMAGE,0,600,117,292,122,24,0,0,255,255,255,1,0,0,0,700,0,152,!162,!163,
#DST_IMAGE,0,700,117,292,122,24,0,255,255,255,255,1,0,0,0,,,,,,
#SRC_IMAGE,0,1,0,120,122,24,1,1,0,0,0,0,0,,,,,,,,
#DST_IMAGE,0,600,117,292,122,24,0,0,255,255,255,1,0,0,0,700,0,153,!162,!163,
#DST_IMAGE,0,700,117,292,122,24,0,255,255,255,255,1,0,0,0,,,,,,
#SRC_IMAGE,0,1,0,150,122,24,1,1,0,0,0,0,0,,,,,,,,
#DST_IMAGE,0,600,117,292,122,24,0,0,255,255,255,1,0,0,0,700,0,154,!162,!163,
#DST_IMAGE,0,700,117,292,122,24,0,255,255,255,255,1,0,0,0,,,,,,
#SRC_IMAGE,0,1,0,180,122,24,1,1,0,0,0,0,0,,,,,,,,
#DST_IMAGE,0,600,117,292,122,24,0,0,255,255,255,1,0,0,0,700,0,155,!162,!163,
#DST_IMAGE,0,700,117,292,122,24,0,255,255,255,255,1,0,0,0,,,,,,
#SRC_NUMBER,0,1,130,30,230,22,10,1,0,0,96,2,2,,,,,,,,
#DST_NUMBER,0,600,242,292,23,22,0,0,255,255,255,1,0,0,0,700,0,150,!162,!163,
#DST_NUMBER,0,700,242,292,23,22,0,255,255,255,255,1,0,0,0,,,,,,
#SRC_NUMBER,0,1,130,60,230,22,10,1,0,0,96,2,2,,,,,,,,
#DST_NUMBER,0,600,242,292,23,22,0,0,255,255,255,1,0,0,0,700,0,151,!162,!163,
#DST_NUMBER,0,700,242,292,23,22,0,255,255,255,255,1,0,0,0,,,,,,
#SRC_NUMBER,0,1,130,90,230,22,10,1,0,0,96,2,2,,,,,,,,
#DST_NUMBER,0,600,242,292,23,22,0,0,255,255,255,1,0,0,0,700,0,152,!162,!163,
#DST_NUMBER,0,700,242,292,23,22,0,255,255,255,255,1,0,0,0,,,,,,
#SRC_NUMBER,0,1,130,120,230,22,10,1,0,0,96,2,2,,,,,,,,
#DST_NUMBER,0,600,242,292,23,22,0,0,255,255,255,1,0,0,0,700,0,153,!162,!163,
#DST_NUMBER,0,700,242,292,23,22,0,255,255,255,255,1,0,0,0,,,,,,
#SRC_NUMBER,0,1,130,150,230,22,10,1,0,0,96,2,2,,,,,,,,
#DST_NUMBER,0,600,242,292,23,22,0,0,255,255,255,1,0,0,0,700,0,154,!162,!163,
#DST_NUMBER,0,700,242,292,23,22,0,255,255,255,255,1,0,0,0,,,,,,
#SRC_NUMBER,0,1,130,180,230,22,10,1,0,0,96,2,2,,,,,,,,
#DST_NUMBER,0,600,242,292,23,22,0,0,255,255,255,1,0,0,0,700,0,155,!162,!163,
#DST_NUMBER,0,700,242,292,23,22,0,255,255,255,255,1,0,0,0,,,,,,
#SRC_IMAGE,0,1,0,30,122,24,1,1,0,0,0,0,0,,,,,,,,
#DST_IMAGE,0,600,78,292,122,24,0,0,255,255,255,1,0,0,0,700,0,150,162,0,
#DST_IMAGE,0,700,78,292,122,24,0,255,255,255,255,1,0,0,0,,,,,,
#SRC_IMAGE,0,1,0,60,122,24,1,1,0,0,0,0,0,,,,,,,,
#DST_IMAGE,0,600,78,292,122,24,0,0,255,255,255,1,0,0,0,700,0,151,162,0,
#DST_IMAGE,0,700,78,292,122,24,0,255,255,255,255,1,0,0,0,,,,,,
#SRC_IMAGE,0,1,0,90,122,24,1,1,0,0,0,0,0,,,,,,,,
#DST_IMAGE,0,600,78,292,122,24,0,0,255,255,255,1,0,0,0,700,0,152,162,0,
#DST_IMAGE,0,700,78,292,122,24,0,255,255,255,255,1,0,0,0,,,,,,
#SRC_IMAGE,0,1,0,120,122,24,1,1,0,0,0,0,0,,,,,,,,
#DST_IMAGE,0,600,78,292,122,24,0,0,255,255,255,1,0,0,0,700,0,153,162,0,
#DST_IMAGE,0,700,78,292,122,24,0,255,255,255,255,1,0,0,0,,,,,,
#SRC_IMAGE,0,1,0,150,122,24,1,1,0,0,0,0,0,,,,,,,,
#DST_IMAGE,0,600,78,292,122,24,0,0,255,255,255,1,0,0,0,700,0,154,162,0,
#DST_IMAGE,0,700,78,292,122,24,0,255,255,255,255,1,0,0,0,,,,,,
#SRC_IMAGE,0,1,0,180,122,24,1,1,0,0,0,0,0,,,,,,,,
#DST_IMAGE,0,600,78,292,122,24,0,0,255,255,255,1,0,0,0,700,0,155,162,0,
#DST_IMAGE,0,700,78,292,122,24,0,255,255,255,255,1,0,0,0,,,,,,
#SRC_NUMBER,0,1,130,30,230,22,10,1,0,0,96,2,2,,,,,,,,
#DST_NUMBER,0,600,203,292,23,22,0,0,255,255,255,1,0,0,0,700,0,150,162,0,
#DST_NUMBER,0,700,203,292,23,22,0,255,255,255,255,1,0,0,0,,,,,,
#SRC_NUMBER,0,1,130,60,230,22,10,1,0,0,96,2,2,,,,,,,,
#DST_NUMBER,0,600,203,292,23,22,0,0,255,255,255,1,0,0,0,700,0,151,162,0,
#DST_NUMBER,0,700,203,292,23,22,0,255,255,255,255,1,0,0,0,,,,,,
#SRC_NUMBER,0,1,130,90,230,22,10,1,0,0,96,2,2,,,,,,,,
#DST_NUMBER,0,600,203,292,23,22,0,0,255,255,255,1,0,0,0,700,0,152,162,0,
#DST_NUMBER,0,700,203,292,23,22,0,255,255,255,255,1,0,0,0,,,,,,
#SRC_NUMBER,0,1,130,120,230,22,10,1,0,0,96,2,2,,,,,,,,
#DST_NUMBER,0,600,203,292,23,22,0,0,255,255,255,1,0,0,0,700,0,153,162,0,
#DST_NUMBER,0,700,203,292,23,22,0,255,255,255,255,1,0,0,0,,,,,,
#SRC_NUMBER,0,1,130,150,230,22,10,1,0,0,96,2,2,,,,,,,,
#DST_NUMBER,0,600,203,292,23,22,0,0,255,255,255,1,0,0,0,700,0,154,162,0,
#DST_NUMBER,0,700,203,292,23,22,0,255,255,255,255,1,0,0,0,,,,,,
#SRC_NUMBER,0,1,130,180,230,22,10,1,0,0,96,2,2,,,,,,,,
#DST_NUMBER,0,600,203,292,23,22,0,0,255,255,255,1,0,0,0,700,0,155,162,0,
#DST_NUMBER,0,700,203,292,23,22,0,255,255,255,255,1,0,0,0,,,,,,
#SRC_BUTTON,0,1,0,240,112,300,1,10,0,0,42,0,0,0,,,,,,,
#DST_BUTTON,0,600,294,292,112,30,0,0,255,255,255,1,0,0,0,700,0,!162,!163,0,
#DST_BUTTON,0,700,294,292,112,30,0,255,255,255,255,1,0,0,0,,,,,,
#SRC_BUTTON,0,1,0,540,136,120,1,4,0,0,54,0,0,0,,,,,,,
#DST_BUTTON,0,600,120,267,136,30,0,0,255,255,255,1,0,0,0,700,0,162,0,0,
#DST_BUTTON,0,700,120,267,136,30,0,255,255,255,255,1,0,0,0,,,,,,
#SRC_IMAGE,0,1,770,0,50,24,1,1,0,0,0,0,0,,,,,,,,
#DST_IMAGE,0,600,249,267,50,24,0,0,255,255,255,1,0,0,0,700,0,162,0,0,
#DST_IMAGE,0,700,249,267,50,24,0,255,255,255,255,1,0,0,0,,,,,,
#SRC_IMAGE,0,1,820,0,50,24,1,1,0,0,0,0,0,,,,,,,,
#DST_IMAGE,0,600,249,292,50,24,0,0,255,255,255,1,0,0,0,700,0,162,0,0,
#DST_IMAGE,0,700,249,292,50,24,0,255,255,255,255,1,0,0,0,,,,,,
#SRC_BUTTON,0,1,0,240,112,300,1,10,0,0,42,0,0,0,,,,,,,
#DST_BUTTON,0,600,288,267,112,30,0,0,255,255,255,1,0,0,0,700,0,162,0,0,
#DST_BUTTON,0,700,288,267,112,30,0,255,255,255,255,1,0,0,0,,,,,,
#SRC_BUTTON,0,1,0,240,112,300,1,10,0,0,43,0,0,0,,,,,,,
#DST_BUTTON,0,600,288,292,112,30,0,0,255,255,255,1,0,0,0,700,0,162,0,0,
#DST_BUTTON,0,700,288,292,112,30,0,255,255,255,255,1,0,0,0,,,,,,
#SRC_BUTTON,0,1,0,240,112,300,1,10,0,0,42,0,0,0,,,,,,,
#DST_BUTTON,0,600,288,267,112,30,0,0,255,255,255,1,0,0,0,700,0,163,0,0,
#DST_BUTTON,0,700,288,267,112,30,0,255,255,255,255,1,0,0,0,,,,,,
#SRC_BUTTON,0,1,0,240,112,300,1,10,0,0,43,0,0,0,,,,,,,
#DST_BUTTON,0,600,288,292,112,30,0,0,255,255,255,1,0,0,0,700,0,163,0,0,
#DST_BUTTON,0,700,288,292,112,30,0,255,255,255,255,1,0,0,0,,,,,,
#SRC_NUMBER,0,1,250,0,253,22,11,1,0,0,106,0,4,,,,,,,,
#DST_NUMBER,0,600,409,292,23,22,0,0,255,255,255,1,0,0,0,700,0,0,0,0,
#DST_NUMBER,0,700,409,292,23,22,0,255,255,255,255,1,0,0,0,,,,,,
#SRC_IMAGE,0,1,130,240,253,114,1,1,0,0,0,0,0,,,,,,,,
#DST_IMAGE,0,600,591,320,253,114,0,255,255,255,255,0,0,0,0,700,0,0,0,0,
#DST_IMAGE,0,700,591,320,253,114,0,255,255,255,255,0,0,0,0,,,,,,
#SRC_NUMBER,0,1,250,0,230,22,10,1,0,0,376,0,3,,,,,,,,
#DST_NUMBER,0,600,701,365,23,22,0,0,255,255,255,1,0,0,0,700,0,0,0,0,
#DST_NUMBER,0,700,701,365,23,22,0,255,255,255,255,1,0,0,0,,,,,,
#SRC_IMAGE,0,1,290,210,9,22,1,1,0,0,0,0,0,,,,,,,,
#DST_IMAGE,0,600,770,365,9,22,2,255,255,255,255,0,0,0,0,700,0,0,0,0,
#DST_IMAGE,0,700,770,365,9,22,2,255,255,255,255,0,0,0,0,,,,,,
#SRC_NUMBER,0,1,510,0,253,22,11,1,0,0,377,0,2,,,,,,,,
#DST_NUMBER,0,600,779,365,23,22,0,0,255,255,255,1,0,0,0,700,0,0,0,0,
#DST_NUMBER,0,700,779,365,23,22,0,255,255,255,255,1,0,0,0,,,,,,
#SRC_NUMBER,0,1,250,0,230,22,10,1,0,0,374,0,3,,,,,,,,
#DST_NUMBER,0,600,701,395,23,22,0,0,255,255,255,1,0,0,0,700,0,0,0,0,
#DST_NUMBER,0,700,701,395,23,22,0,255,255,255,255,1,0,0,0,,,,,,
#SRC_IMAGE,0,1,290,210,9,22,1,1,0,0,0,0,0,,,,,,,,
#DST_IMAGE,0,600,770,395,9,22,2,255,255,255,255,0,0,0,0,700,0,0,0,0,
#DST_IMAGE,0,700,770,395,9,22,2,255,255,255,255,0,0,0,0,,,,,,
#SRC_NUMBER,0,1,510,0,253,22,11,1,0,0,375,0,2,,,,,,,,
#DST_NUMBER,0,600,779,395,23,22,0,0,255,255,255,1,0,0,0,700,0,0,0,0,
#DST_NUMBER,0,700,779,395,23,22,0,255,255,255,255,1,0,0,0,,,,,,
#ENDIF,,,,,,,,,,,,,,,,,,,,,
#IF,901,,,,,,,,,,,,,,,,,,,,
#SRC_IMAGE,0,1,430,410,540,140,1,1,0,0,0,0,0,,,,,,,,
#DST_IMAGE,0,200,1329,200,540,0,0,255,255,255,255,0,0,0,0,300,0,0,0,0,
#DST_IMAGE,0,300,1329,200,540,-140,0,255,255,255,255,0,0,0,0,,,,,,
#SRC_IMAGE,0,1,430,550,540,140,1,1,0,0,0,0,0,,,,,,,,
#DST_IMAGE,0,200,1329,200,540,0,0,0,255,255,255,0,0,0,0,300,0,0,0,0,
#DST_IMAGE,0,300,1329,200,540,140,0,255,255,255,255,0,0,0,0,,,,,,
#SRC_IMAGE,0,1,130,410,131,48,1,1,0,0,0,0,0,,,,,,,,
#DST_IMAGE,0,600,1211,60,131,48,2,0,255,255,255,1,0,0,0,700,0,0,0,0,
#DST_IMAGE,0,700,1211,60,131,48,2,255,255,255,255,1,0,0,0,,,,,,
#SRC_NUMBER,0,1,0,210,230,22,10,1,0,0,107,0,3,,,,,,,,
#DST_NUMBER,0,600,1214,73,23,22,0,0,255,255,255,1,0,0,0,700,0,0,0,0,
#DST_NUMBER,0,700,1214,73,23,22,0,255,255,255,255,1,0,0,0,,,,,,
#SRC_IMAGE,0,1,290,210,9,22,1,1,0,0,0,0,0,,,,,,,,
#DST_IMAGE,0,600,1283,73,9,22,2,0,255,255,255,1,0,0,0,700,0,0,0,0,
#DST_IMAGE,0,700,1283,73,9,22,2,255,255,255,255,1,0,0,0,,,,,,
#SRC_NUMBER,0,1,0,210,253,22,11,1,0,0,407,0,1,,,,,,,,
#DST_NUMBER,0,600,1292,73,23,22,0,0,255,255,255,1,0,0,0,700,0,0,0,0,
#DST_NUMBER,0,700,1292,73,23,22,0,255,255,255,255,1,0,0,0,,,,,,
#SRC_IMAGE,0,1,260,210,27,22,1,1,0,0,0,0,0,,,,,,,,
#DST_IMAGE,0,600,1315,73,27,22,2,0,255,255,255,1,0,0,0,700,0,0,0,0,
#DST_IMAGE,0,700,1315,73,27,22,2,255,255,255,255,1,0,0,0,,,,,,
#SRC_GAUGECHART_1P,0,111,0,0,1,1,1,1,0,0,514,253,500,750,,,,,,,
#DST_GAUGECHART_1P,0,0,1342,327,1,1,0,255,255,255,255,0,0,0,0,0,0,0,0,0,
#SRC_GAUGECHART_1P,1,111,0,0,1,1,1,1,0,0,514,253,500,750,,,,,,,
#DST_GAUGECHART_1P,1,0,1342,327,1,1,0,255,255,255,255,0,0,0,0,0,0,0,0,0,
#SRC_IMAGE,0,2,1250,550,129,132,1,1,0,0,0,0,0,,,,,,,,
#DST_IMAGE,0,0,1402,-672,129,792,0,255,255,255,255,1,0,0,0,1000,0,300,0,0,
#DST_IMAGE,0,250,1402,120,129,132,0,255,255,255,255,1,0,0,0,,,,,,
#DST_IMAGE,0,1060,1402,120,129,132,0,255,255,255,255,1,0,0,0,,,,,,
#DST_IMAGE,0,1260,1402,120,129,132,0,100,255,255,255,1,0,0,0,,,,,,
#DST_IMAGE,0,1460,1402,120,129,132,0,255,255,255,255,1,0,0,0,,,,,,
#DST_IMAGE,0,2000,1402,120,129,132,0,255,255,255,255,1,0,0,0,,,,,,
#SRC_IMAGE,0,2,1250,550,129,132,1,1,0,0,0,0,0,,,,,,,,
#DST_IMAGE,0,50,1534,-672,129,792,0,255,255,255,255,1,0,0,0,1000,0,300,0,0,
#DST_IMAGE,0,300,1534,120,129,132,0,255,255,255,255,1,0,0,0,,,,,,
#DST_IMAGE,0,1310,1534,120,129,132,0,255,255,255,255,1,0,0,0,,,,,,
#DST_IMAGE,0,1510,1534,120,129,132,0,100,255,255,255,1,0,0,0,,,,,,
#DST_IMAGE,0,1710,1534,120,129,132,0,255,255,255,255,1,0,0,0,,,,,,
#DST_IMAGE,0,2000,1534,120,129,132,0,255,255,255,255,1,0,0,0,,,,,,
#SRC_IMAGE,0,2,1250,550,129,132,1,1,0,0,0,0,0,,,,,,,,
#DST_IMAGE,0,100,1666,-672,129,792,0,255,255,255,255,1,0,0,0,1000,0,300,0,0,
#DST_IMAGE,0,350,1666,120,129,132,0,255,255,255,255,1,0,0,0,,,,,,
#DST_IMAGE,0,1460,1666,120,129,132,0,255,255,255,255,1,0,0,0,,,,,,
#DST_IMAGE,0,1660,1666,120,129,132,0,100,255,255,255,1,0,0,0,,,,,,
#DST_IMAGE,0,1860,1666,120,129,132,0,255,255,255,255,1,0,0,0,,,,,,
#DST_IMAGE,0,2000,1666,120,129,132,0,255,255,255,255,1,0,0,0,,,,,,
#SRC_IMAGE,0,2,1250,805,129,10,1,1,0,0,0,0,0,,,,,,,,
#DST_IMAGE,0,1000,1402,242,129,10,0,200,255,255,255,2,0,0,0,1000,0,300,0,0,
#DST_IMAGE,0,1030,1402,242,129,10,0,200,255,255,255,2,0,0,0,,,,,,
#DST_IMAGE,0,1200,1402,242,129,10,0,0,255,255,255,2,0,0,0,,,,,,
#DST_IMAGE,0,2000,1402,242,129,10,0,0,255,255,255,2,0,0,0,,,,,,
#SRC_IMAGE,0,2,1250,790,129,15,1,1,0,0,0,0,0,,,,,,,,
#DST_IMAGE,0,1030,1402,227,129,15,0,200,255,255,255,2,0,0,0,1000,0,300,0,0,
#DST_IMAGE,0,1060,1402,227,129,15,0,200,255,255,255,2,0,0,0,,,,,,
#DST_IMAGE,0,1200,1402,227,129,15,0,0,255,255,255,2,0,0,0,,,,,,
#DST_IMAGE,0,2000,1402,227,129,15,0,0,255,255,255,2,0,0,0,,,,,,
#SRC_IMAGE,0,2,1250,770,129,20,1,1,0,0,0,0,0,,,,,,,,
#DST_IMAGE,0,1060,1402,207,129,20,0,150,255,255,255,2,0,0,0,1000,0,300,0,0,
#DST_IMAGE,0,1090,1402,207,129,20,0,150,255,255,255,2,0,0,0,,,,,,
#DST_IMAGE,0,1200,1402,207,129,20,0,0,255,255,255,2,0,0,0,,,,,,
#DST_IMAGE,0,2000,1402,207,129,20,0,0,255,255,255,2,0,0,0,,,,,,
#SRC_IMAGE,0,2,1250,730,129,40,1,1,0,0,0,0,0,,,,,,,,
#DST_IMAGE,0,1090,1402,167,129,40,0,100,255,255,255,2,0,0,0,1000,0,300,0,0,
#DST_IMAGE,0,1120,1402,167,129,40,0,100,255,255,255,2,0,0,0,,,,,,
#DST_IMAGE,0,1200,1402,167,129,40,0,0,255,255,255,2,0,0,0,,,,,,
#DST_IMAGE,0,2000,1402,167,129,40,0,0,255,255,255,2,0,0,0,,,,,,
#SRC_IMAGE,0,2,1250,710,129,20,1,1,0,0,0,0,0,,,,,,,,
#DST_IMAGE,0,1120,1402,147,129,20,0,50,255,255,255,2,0,0,0,1000,0,300,0,0,
#DST_IMAGE,0,1150,1402,147,129,20,0,50,255,255,255,2,0,0,0,,,,,,
#DST_IMAGE,0,1200,1402,147,129,20,0,0,255,255,255,2,0,0,0,,,,,,
#DST_IMAGE,0,2000,1402,147,129,20,0,0,255,255,255,2,0,0,0,,,,,,
#SRC_IMAGE,0,2,1250,805,129,10,1,1,0,0,0,0,0,,,,,,,,
#DST_IMAGE,0,1250,1534,242,129,10,0,200,255,255,255,2,0,0,0,1250,0,300,0,0,
#DST_IMAGE,0,1280,1534,242,129,10,0,200,255,255,255,2,0,0,0,,,,,,
#DST_IMAGE,0,1450,1534,242,129,10,0,0,255,255,255,2,0,0,0,,,,,,
#DST_IMAGE,0,2250,1534,242,129,10,0,0,255,255,255,2,0,0,0,,,,,,
#SRC_IMAGE,0,2,1250,790,129,15,1,1,0,0,0,0,0,,,,,,,,
#DST_IMAGE,0,1280,1534,227,129,15,0,200,255,255,255,2,0,0,0,1250,0,300,0,0,
#DST_IMAGE,0,1310,1534,227,129,15,0,200,255,255,255,2,0,0,0,,,,,,
#DST_IMAGE,0,1450,1534,227,129,15,0,0,255,255,255,2,0,0,0,,,,,,
#DST_IMAGE,0,2250,1534,227,129,15,0,0,255,255,255,2,0,0,0,,,,,,
#SRC_IMAGE,0,2,1250,770,129,20,1,1,0,0,0,0,0,,,,,,,,
#DST_IMAGE,0,1310,1534,207,129,20,0,150,255,255,255,2,0,0,0,1250,0,300,0,0,
#DST_IMAGE,0,1340,1534,207,129,20,0,150,255,255,255,2,0,0,0,,,,,,
#DST_IMAGE,0,1450,1534,207,129,20,0,0,255,255,255,2,0,0,0,,,,,,
#DST_IMAGE,0,2250,1534,207,129,20,0,0,255,255,255,2,0,0,0,,,,,,
#SRC_IMAGE,0,2,1250,730,129,40,1,1,0,0,0,0,0,,,,,,,,
#DST_IMAGE,0,1340,1534,167,129,40,0,100,255,255,255,2,0,0,0,1250,0,300,0,0,
#DST_IMAGE,0,1370,1534,167,129,40,0,100,255,255,255,2,0,0,0,,,,,,
#DST_IMAGE,0,1450,1534,167,129,40,0,0,255,255,255,2,0,0,0,,,,,,
#DST_IMAGE,0,2250,1534,167,129,40,0,0,255,255,255,2,0,0,0,,,,,,
#SRC_IMAGE,0,2,1250,710,129,20,1,1,0,0,0,0,0,,,,,,,,
#DST_IMAGE,0,1370,1534,147,129,20,0,50,255,255,255,2,0,0,0,1250,0,300,0,0,
#DST_IMAGE,0,1400,1534,147,129,20,0,50,255,255,255,2,0,0,0,,,,,,
#DST_IMAGE,0,1450,1534,147,129,20,0,0,255,255,255,2,0,0,0,,,,,,
#DST_IMAGE,0,2250,1534,147,129,20,0,0,255,255,255,2,0,0,0,,,,,,
#SRC_IMAGE,0,2,1250,805,129,10,1,1,0,0,0,0,0,,,,,,,,
#DST_IMAGE,0,1500,1666,242,129,10,0,200,255,255,255,2,0,0,0,1500,0,300,0,0,
#DST_IMAGE,0,1530,1666,242,129,10,0,200,255,255,255,2,0,0,0,,,,,,
#DST_IMAGE,0,1700,1666,242,129,10,0,0,255,255,255,2,0,0,0,,,,,,
#DST_IMAGE,0,2500,1666,242,129,10,0,0,255,255,255,2,0,0,0,,,,,,
#SRC_IMAGE,0,2,1250,790,129,15,1,1,0,0,0,0,0,,,,,,,,
#DST_IMAGE,0,1530,1666,227,129,15,0,200,255,255,255,2,0,0,0,1500,0,300,0,0,
#DST_IMAGE,0,1560,1666,227,129,15,0,200,255,255,255,2,0,0,0,,,,,,
#DST_IMAGE,0,1700,1666,227,129,15,0,0,255,255,255,2,0,0,0,,,,,,
#DST_IMAGE,0,2500,1666,227,129,15,0,0,255,255,255,2,0,0,0,,,,,,
#SRC_IMAGE,0,2,1250,770,129,20,1,1,0,0,0,0,0,,,,,,,,
#DST_IMAGE,0,1560,1666,207,129,20,0,150,255,255,255,2,0,0,0,1500,0,300,0,0,
#DST_IMAGE,0,1590,1666,207,129,20,0,150,255,255,255,2,0,0,0,,,,,,
#DST_IMAGE,0,1700,1666,207,129,20,0,0,255,255,255,2,0,0,0,,,,,,
#DST_IMAGE,0,2500,1666,207,129,20,0,0,255,255,255,2,0,0,0,,,,,,
#SRC_IMAGE,0,2,1250,730,129,40,1,1,0,0,0,0,0,,,,,,,,
#DST_IMAGE,0,1590,1666,167,129,40,0,100,255,255,255,2,0,0,0,1500,0,300,0,0,
#DST_IMAGE,0,1620,1666,167,129,40,0,100,255,255,255,2,0,0,0,,,,,,
#DST_IMAGE,0,1700,1666,167,129,40,0,0,255,255,255,2,0,0,0,,,,,,
#DST_IMAGE,0,2500,1666,167,129,40,0,0,255,255,255,2,0,0,0,,,,,,
#SRC_IMAGE,0,2,1250,710,129,20,1,1,0,0,0,0,0,,,,,,,,
#DST_IMAGE,0,1620,1666,147,129,20,0,50,255,255,255,2,0,0,0,1500,0,300,0,0,
#DST_IMAGE,0,1650,1666,147,129,20,0,50,255,255,255,2,0,0,0,,,,,,
#DST_IMAGE,0,1700,1666,147,129,20,0,0,255,255,255,2,0,0,0,,,,,,
#DST_IMAGE,0,2500,1666,147,129,20,0,0,255,255,255,2,0,0,0,,,,,,
#SRC_IMAGE,0,2,1250,550,129,132,1,1,0,0,0,0,0,,,,,,,,
#DST_IMAGE,0,0,1402,-672,129,792,0,255,255,255,255,1,0,0,0,1000,0,301,0,0,
#DST_IMAGE,0,250,1402,120,129,132,0,255,255,255,255,1,0,0,0,,,,,,
#DST_IMAGE,0,1060,1402,120,129,132,0,255,255,255,255,1,0,0,0,,,,,,
#DST_IMAGE,0,1260,1402,120,129,132,0,100,255,255,255,1,0,0,0,,,,,,
#DST_IMAGE,0,1460,1402,120,129,132,0,255,255,255,255,1,0,0,0,,,,,,
#DST_IMAGE,0,2000,1402,120,129,132,0,255,255,255,255,1,0,0,0,,,,,,
#SRC_IMAGE,0,2,1250,550,129,132,1,1,0,0,0,0,0,,,,,,,,
#DST_IMAGE,0,50,1534,-672,129,792,0,255,255,255,255,1,0,0,0,1000,0,301,0,0,
#DST_IMAGE,0,300,1534,120,129,132,0,255,255,255,255,1,0,0,0,,,,,,
#DST_IMAGE,0,1310,1534,120,129,132,0,255,255,255,255,1,0,0,0,,,,,,
#DST_IMAGE,0,1510,1534,120,129,132,0,100,255,255,255,1,0,0,0,,,,,,
#DST_IMAGE,0,1710,1534,120,129,132,0,255,255,255,255,1,0,0,0,,,,,,
#DST_IMAGE,0,2000,1534,120,129,132,0,255,255,255,255,1,0,0,0,,,,,,
#SRC_IMAGE,0,2,1250,805,129,10,1,1,0,0,0,0,0,,,,,,,,
#DST_IMAGE,0,1000,1402,242,129,10,0,200,255,255,255,2,0,0,0,1000,0,301,0,0,
#DST_IMAGE,0,1030,1402,242,129,10,0,200,255,255,255,2,0,0,0,,,,,,
#DST_IMAGE,0,1200,1402,242,129,10,0,0,255,255,255,2,0,0,0,,,,,,
#DST_IMAGE,0,2000,1402,242,129,10,0,0,255,255,255,2,0,0,0,,,,,,
#SRC_IMAGE,0,2,1250,790,129,15,1,1,0,0,0,0,0,,,,,,,,
#DST_IMAGE,0,1030,1402,227,129,15,0,200,255,255,255,2,0,0,0,1000,0,301,0,0,
#DST_IMAGE,0,1060,1402,227,129,15,0,200,255,255,255,2,0,0,0,,,,,,
#DST_IMAGE,0,1200,1402,227,129,15,0,0,255,255,255,2,0,0,0,,,,,,
#DST_IMAGE,0,2000,1402,227,129,15,0,0,255,255,255,2,0,0,0,,,,,,
#SRC_IMAGE,0,2,1250,770,129,20,1,1,0,0,0,0,0,,,,,,,,
#DST_IMAGE,0,1060,1402,207,129,20,0,150,255,255,255,2,0,0,0,1000,0,301,0,0,
#DST_IMAGE,0,1090,1402,207,129,20,0,150,255,255,255,2,0,0,0,,,,,,
#DST_IMAGE,0,1200,1402,207,129,20,0,0,255,255,255,2,0,0,0,,,,,,
#DST_IMAGE,0,2000,1402,207,129,20,0,0,255,255,255,2,0,0,0,,,,,,
#SRC_IMAGE,0,2,1250,730,129,40,1,1,0,0,0,0,0,,,,,,,,
#DST_IMAGE,0,1090,1402,167,129,40,0,100,255,255,255,2,0,0,0,1000,0,301,0,0,
#DST_IMAGE,0,1120,1402,167,129,40,0,100,255,255,255,2,0,0,0,,,,,,
#DST_IMAGE,0,1200,1402,167,129,40,0,0,255,255,255,2,0,0,0,,,,,,
#DST_IMAGE,0,2000,1402,167,129,40,0,0,255,255,255,2,0,0,0,,,,,,
#SRC_IMAGE,0,2,1250,710,129,20,1,1,0,0,0,0,0,,,,,,,,
#DST_IMAGE,0,1120,1402,147,129,20,0,50,255,255,255,2,0,0,0,1000,0,301,0,0,
#DST_IMAGE,0,1150,1402,147,129,20,0,50,255,255,255,2,0,0,0,,,,,,
#DST_IMAGE,0,1200,1402,147,129,20,0,0,255,255,255,2,0,0,0,,,,,,
#DST_IMAGE,0,2000,1402,147,129,20,0,0,255,255,255,2,0,0,0,,,,,,
#SRC_IMAGE,0,2,1250,805,129,10,1,1,0,0,0,0,0,,,,,,,,
#DST_IMAGE,0,1250,1534,242,129,10,0,200,255,255,255,2,0,0,0,1250,0,301,0,0,
#DST_IMAGE,0,1280,1534,242,129,10,0,200,255,255,255,2,0,0,0,,,,,,
#DST_IMAGE,0,1450,1534,242,129,10,0,0,255,255,255,2,0,0,0,,,,,,
#DST_IMAGE,0,2250,1534,242,129,10,0,0,255,255,255,2,0,0,0,,,,,,
#SRC_IMAGE,0,2,1250,790,129,15,1,1,0,0,0,0,0,,,,,,,,
#DST_IMAGE,0,1280,1534,227,129,15,0,200,255,255,255,2,0,0,0,1250,0,301,0,0,
#DST_IMAGE,0,1310,1534,227,129,15,0,200,255,255,255,2,0,0,0,,,,,,
#DST_IMAGE,0,1450,1534,227,129,15,0,0,255,255,255,2,0,0,0,,,,,,
#DST_IMAGE,0,2250,1534,227,129,15,0,0,255,255,255,2,0,0,0,,,,,,
#SRC_IMAGE,0,2,1250,770,129,20,1,1,0,0,0,0,0,,,,,,,,
#DST_IMAGE,0,1310,1534,207,129,20,0,150,255,255,255,2,0,0,0,1250,0,301,0,0,
#DST_IMAGE,0,1340,1534,207,129,20,0,150,255,255,255,2,0,0,0,,,,,,
#DST_IMAGE,0,1450,1534,207,129,20,0,0,255,255,255,2,0,0,0,,,,,,
#DST_IMAGE,0,2250,1534,207,129,20,0,0,255,255,255,2,0,0,0,,,,,,
#SRC_IMAGE,0,2,1250,730,129,40,1,1,0,0,0,0,0,,,,,,,,
#DST_IMAGE,0,1340,1534,167,129,40,0,100,255,255,255,2,0,0,0,1250,0,301,0,0,
#DST_IMAGE,0,1370,1534,167,129,40,0,100,255,255,255,2,0,0,0,,,,,,
#DST_IMAGE,0,1450,1534,167,129,40,0,0,255,255,255,2,0,0,0,,,,,,
#DST_IMAGE,0,2250,1534,167,129,40,0,0,255,255,255,2,0,0,0,,,,,,
#SRC_IMAGE,0,2,1250,710,129,20,1,1,0,0,0,0,0,,,,,,,,
#DST_IMAGE,0,1370,1534,147,129,20,0,50,255,255,255,2,0,0,0,1250,0,301,0,0,
#DST_IMAGE,0,1400,1534,147,129,20,0,50,255,255,255,2,0,0,0,,,,,,
#DST_IMAGE,0,1450,1534,147,129,20,0,0,255,255,255,2,0,0,0,,,,,,
#DST_IMAGE,0,2250,1534,147,129,20,0,0,255,255,255,2,0,0,0,,,,,,
#SRC_IMAGE,0,2,1250,550,129,132,1,1,0,0,0,0,0,,,,,,,,
#DST_IMAGE,0,0,1402,-672,129,792,0,255,255,255,255,1,0,0,0,1000,0,302,0,0,
#DST_IMAGE,0,250,1402,120,129,132,0,255,255,255,255,1,0,0,0,,,,,,
#DST_IMAGE,0,1060,1402,120,129,132,0,255,255,255,255,1,0,0,0,,,,,,
#DST_IMAGE,0,1260,1402,120,129,132,0,100,255,255,255,1,0,0,0,,,,,,
#DST_IMAGE,0,1460,1402,120,129,132,0,255,255,255,255,1,0,0,0,,,,,,
#DST_IMAGE,0,2000,1402,120,129,132,0,255,255,255,255,1,0,0,0,,,,,,
#SRC_IMAGE,0,2,1250,805,129,10,1,1,0,0,0,0,0,,,,,,,,
#DST_IMAGE,0,1000,1402,242,129,10,0,200,255,255,255,2,0,0,0,1000,0,302,0,0,
#DST_IMAGE,0,1030,1402,242,129,10,0,200,255,255,255,2,0,0,0,,,,,,
#DST_IMAGE,0,1200,1402,242,129,10,0,0,255,255,255,2,0,0,0,,,,,,
#DST_IMAGE,0,2000,1402,242,129,10,0,0,255,255,255,2,0,0,0,,,,,,
#SRC_IMAGE,0,2,1250,790,129,15,1,1,0,0,0,0,0,,,,,,,,
#DST_IMAGE,0,1030,1402,227,129,15,0,200,255,255,255,2,0,0,0,1000,0,302,0,0,
#DST_IMAGE,0,1060,1402,227,129,15,0,200,255,255,255,2,0,0,0,,,,,,
#DST_IMAGE,0,1200,1402,227,129,15,0,0,255,255,255,2,0,0,0,,,,,,
#DST_IMAGE,0,2000,1402,227,129,15,0,0,255,255,255,2,0,0,0,,,,,,
#SRC_IMAGE,0,2,1250,770,129,20,1,1,0,0,0,0,0,,,,,,,,
#DST_IMAGE,0,1060,1402,207,129,20,0,150,255,255,255,2,0,0,0,1000,0,302,0,0,
#DST_IMAGE,0,1090,1402,207,129,20,0,150,255,255,255,2,0,0,0,,,,,,
#DST_IMAGE,0,1200,1402,207,129,20,0,0,255,255,255,2,0,0,0,,,,,,
#DST_IMAGE,0,2000,1402,207,129,20,0,0,255,255,255,2,0,0,0,,,,,,
#SRC_IMAGE,0,2,1250,730,129,40,1,1,0,0,0,0,0,,,,,,,,
#DST_IMAGE,0,1090,1402,167,129,40,0,100,255,255,255,2,0,0,0,1000,0,302,0,0,
#DST_IMAGE,0,1120,1402,167,129,40,0,100,255,255,255,2,0,0,0,,,,,,
#DST_IMAGE,0,1200,1402,167,129,40,0,0,255,255,255,2,0,0,0,,,,,,
#DST_IMAGE,0,2000,1402,167,129,40,0,0,255,255,255,2,0,0,0,,,,,,
#SRC_IMAGE,0,2,1250,710,129,20,1,1,0,0,0,0,0,,,,,,,,
#DST_IMAGE,0,1120,1402,147,129,20,0,50,255,255,255,2,0,0,0,1000,0,302,0,0,
#DST_IMAGE,0,1150,1402,147,129,20,0,50,255,255,255,2,0,0,0,,,,,,
#DST_IMAGE,0,1200,1402,147,129,20,0,0,255,255,255,2,0,0,0,,,,,,
#DST_IMAGE,0,2000,1402,147,129,20,0,0,255,255,255,2,0,0,0,,,,,,
#SRC_IMAGE,0,2,1380,550,129,132,1,1,0,0,0,0,0,,,,,,,,
#DST_IMAGE,0,0,1402,-672,129,792,0,255,255,255,255,1,0,0,0,1000,0,303,0,0,
#DST_IMAGE,0,250,1402,120,129,132,0,255,255,255,255,1,0,0,0,,,,,,
#DST_IMAGE,0,1060,1402,120,129,132,0,255,255,255,255,1,0,0,0,,,,,,
#DST_IMAGE,0,1260,1402,120,129,132,0,100,255,255,255,1,0,0,0,,,,,,
#DST_IMAGE,0,1460,1402,120,129,132,0,255,255,255,255,1,0,0,0,,,,,,
#DST_IMAGE,0,2000,1402,120,129,132,0,255,255,255,255,1,0,0,0,,,,,,
#SRC_IMAGE,0,2,1380,805,129,10,1,1,0,0,0,0,0,,,,,,,,
#DST_IMAGE,0,1000,1402,242,129,10,0,200,255,255,255,2,0,0,0,1000,0,303,0,0,
#DST_IMAGE,0,1030,1402,242,129,10,0,200,255,255,255,2,0,0,0,,,,,,
#DST_IMAGE,0,1200,1402,242,129,10,0,0,255,255,255,2,0,0,0,,,,,,
#DST_IMAGE,0,2000,1402,242,129,10,0,0,255,255,255,2,0,0,0,,,,,,
#SRC_IMAGE,0,2,1380,790,129,15,1,1,0,0,0,0,0,,,,,,,,
#DST_IMAGE,0,1030,1402,227,129,15,0,200,255,255,255,2,0,0,0,1000,0,303,0,0,
#DST_IMAGE,0,1060,1402,227,129,15,0,200,255,255,255,2,0,0,0,,,,,,
#DST_IMAGE,0,1200,1402,227,129,15,0,0,255,255,255,2,0,0,0,,,,,,
#DST_IMAGE,0,2000,1402,227,129,15,0,0,255,255,255,2,0,0,0,,,,,,
#SRC_IMAGE,0,2,1380,770,129,20,1,1,0,0,0,0,0,,,,,,,,
#DST_IMAGE,0,1060,1402,207,129,20,0,150,255,255,255,2,0,0,0,1000,0,303,0,0,
#DST_IMAGE,0,1090,1402,207,129,20,0,150,255,255,255,2,0,0,0,,,,,,
#DST_IMAGE,0,1200,1402,207,129,20,0,0,255,255,255,2,0,0,0,,,,,,
#DST_IMAGE,0,2000,1402,207,129,20,0,0,255,255,255,2,0,0,0,,,,,,
#SRC_IMAGE,0,2,1380,730,129,40,1,1,0,0,0,0,0,,,,,,,,
#DST_IMAGE,0,1090,1402,167,129,40,0,100,255,255,255,2,0,0,0,1000,0,303,0,0,
#DST_IMAGE,0,1120,1402,167,129,40,0,100,255,255,255,2,0,0,0,,,,,,
#DST_IMAGE,0,1200,1402,167,129,40,0,0,255,255,255,2,0,0,0,,,,,,
#DST_IMAGE,0,2000,1402,167,129,40,0,0,255,255,255,2,0,0,0,,,,,,
#SRC_IMAGE,0,2,1380,710,129,20,1,1,0,0,0,0,0,,,,,,,,
#DST_IMAGE,0,1120,1402,147,129,20,0,50,255,255,255,2,0,0,0,1000,0,303,0,0,
#DST_IMAGE,0,1150,1402,147,129,20,0,50,255,255,255,2,0,0,0,,,,,,
#DST_IMAGE,0,1200,1402,147,129,20,0,0,255,255,255,2,0,0,0,,,,,,
#DST_IMAGE,0,2000,1402,147,129,20,0,0,255,255,255,2,0,0,0,,,,,,
#SRC_IMAGE,0,2,1510,550,129,132,1,1,0,0,0,0,0,,,,,,,,
#DST_IMAGE,0,0,1402,-672,129,792,0,255,255,255,255,1,0,0,0,1000,0,304,0,0,
#DST_IMAGE,0,250,1402,120,129,132,0,255,255,255,255,1,0,0,0,,,,,,
#DST_IMAGE,0,1060,1402,120,129,132,0,255,255,255,255,1,0,0,0,,,,,,
#DST_IMAGE,0,1260,1402,120,129,132,0,100,255,255,255,1,0,0,0,,,,,,
#DST_IMAGE,0,1460,1402,120,129,132,0,255,255,255,255,1,0,0,0,,,,,,
#DST_IMAGE,0,2000,1402,120,129,132,0,255,255,255,255,1,0,0,0,,,,,,
#SRC_IMAGE,0,2,1510,805,129,10,1,1,0,0,0,0,0,,,,,,,,
#DST_IMAGE,0,1000,1402,242,129,10,0,200,255,255,255,2,0,0,0,1000,0,304,0,0,
#DST_IMAGE,0,1030,1402,242,129,10,0,200,255,255,255,2,0,0,0,,,,,,
#DST_IMAGE,0,1200,1402,242,129,10,0,0,255,255,255,2,0,0,0,,,,,,
#DST_IMAGE,0,2000,1402,242,129,10,0,0,255,255,255,2,0,0,0,,,,,,
#SRC_IMAGE,0,2,1510,790,129,15,1,1,0,0,0,0,0,,,,,,,,
#DST_IMAGE,0,1030,1402,227,129,15,0,200,255,255,255,2,0,0,0,1000,0,304,0,0,
#DST_IMAGE,0,1060,1402,227,129,15,0,200,255,255,255,2,0,0,0,,,,,,
#DST_IMAGE,0,1200,1402,227,129,15,0,0,255,255,255,2,0,0,0,,,,,,
#DST_IMAGE,0,2000,1402,227,129,15,0,0,255,255,255,2,0,0,0,,,,,,
#SRC_IMAGE,0,2,1510,770,129,20,1,1,0,0,0,0,0,,,,,,,,
#DST_IMAGE,0,1060,1402,207,129,20,0,150,255,255,255,2,0,0,0,1000,0,304,0,0,
#DST_IMAGE,0,1090,1402,207,129,20,0,150,255,255,255,2,0,0,0,,,,,,
#DST_IMAGE,0,1200,1402,207,129,20,0,0,255,255,255,2,0,0,0,,,,,,
#DST_IMAGE,0,2000,1402,207,129,20,0,0,255,255,255,2,0,0,0,,,,,,
#SRC_IMAGE,0,2,1510,730,129,40,1,1,0,0,0,0,0,,,,,,,,
#DST_IMAGE,0,1090,1402,167,129,40,0,100,255,255,255,2,0,0,0,1000,0,304,0,0,
#DST_IMAGE,0,1120,1402,167,129,40,0,100,255,255,255,2,0,0,0,,,,,,
#DST_IMAGE,0,1200,1402,167,129,40,0,0,255,255,255,2,0,0,0,,,,,,
#DST_IMAGE,0,2000,1402,167,129,40,0,0,255,255,255,2,0,0,0,,,,,,
#SRC_IMAGE,0,2,1510,710,129,20,1,1,0,0,0,0,0,,,,,,,,
#DST_IMAGE,0,1120,1402,147,129,20,0,50,255,255,255,2,0,0,0,1000,0,304,0,0,
#DST_IMAGE,0,1150,1402,147,129,20,0,50,255,255,255,2,0,0,0,,,,,,
#DST_IMAGE,0,1200,1402,147,129,20,0,0,255,255,255,2,0,0,0,,,,,,
#DST_IMAGE,0,2000,1402,147,129,20,0,0,255,255,255,2,0,0,0,,,,,,
#SRC_IMAGE,0,2,1640,550,129,132,1,1,0,0,0,0,0,,,,,,,,
#DST_IMAGE,0,0,1402,-672,129,792,0,255,255,255,255,1,0,0,0,1000,0,305,0,0,
#DST_IMAGE,0,250,1402,120,129,132,0,255,255,255,255,1,0,0,0,,,,,,
#DST_IMAGE,0,1060,1402,120,129,132,0,255,255,255,255,1,0,0,0,,,,,,
#DST_IMAGE,0,1260,1402,120,129,132,0,100,255,255,255,1,0,0,0,,,,,,
#DST_IMAGE,0,1460,1402,120,129,132,0,255,255,255,255,1,0,0,0,,,,,,
#DST_IMAGE,0,2000,1402,120,129,132,0,255,255,255,255,1,0,0,0,,,,,,
#SRC_IMAGE,0,2,1640,805,129,10,1,1,0,0,0,0,0,,,,,,,,
#DST_IMAGE,0,1000,1402,242,129,10,0,200,255,255,255,2,0,0,0,1000,0,305,0,0,
#DST_IMAGE,0,1030,1402,242,129,10,0,200,255,255,255,2,0,0,0,,,,,,
#DST_IMAGE,0,1200,1402,242,129,10,0,0,255,255,255,2,0,0,0,,,,,,
#DST_IMAGE,0,2000,1402,242,129,10,0,0,255,255,255,2,0,0,0,,,,,,
#SRC_IMAGE,0,2,1640,790,129,15,1,1,0,0,0,0,0,,,,,,,,
#DST_IMAGE,0,1030,1402,227,129,15,0,200,255,255,255,2,0,0,0,1000,0,305,0,0,
#DST_IMAGE,0,1060,1402,227,129,15,0,200,255,255,255,2,0,0,0,,,,,,
#DST_IMAGE,0,1200,1402,227,129,15,0,0,255,255,255,2,0,0,0,,,,,,
#DST_IMAGE,0,2000,1402,227,129,15,0,0,255,255,255,2,0,0,0,,,,,,
#SRC_IMAGE,0,2,1640,770,129,20,1,1,0,0,0,0,0,,,,,,,,
#DST_IMAGE,0,1060,1402,207,129,20,0,150,255,255,255,2,0,0,0,1000,0,305,0,0,
#DST_IMAGE,0,1090,1402,207,129,20,0,150,255,255,255,2,0,0,0,,,,,,
#DST_IMAGE,0,1200,1402,207,129,20,0,0,255,255,255,2,0,0,0,,,,,,
#DST_IMAGE,0,2000,1402,207,129,20,0,0,255,255,255,2,0,0,0,,,,,,
#SRC_IMAGE,0,2,1640,730,129,40,1,1,0,0,0,0,0,,,,,,,,
#DST_IMAGE,0,1090,1402,167,129,40,0,100,255,255,255,2,0,0,0,1000,0,305,0,0,
#DST_IMAGE,0,1120,1402,167,129,40,0,100,255,255,255,2,0,0,0,,,,,,
#DST_IMAGE,0,1200,1402,167,129,40,0,0,255,255,255,2,0,0,0,,,,,,
#DST_IMAGE,0,2000,1402,167,129,40,0,0,255,255,255,2,0,0,0,,,,,,
#SRC_IMAGE,0,2,1640,710,129,20,1,1,0,0,0,0,0,,,,,,,,
#DST_IMAGE,0,1120,1402,147,129,20,0,50,255,255,255,2,0,0,0,1000,0,305,0,0,
#DST_IMAGE,0,1150,1402,147,129,20,0,50,255,255,255,2,0,0,0,,,,,,
#DST_IMAGE,0,1200,1402,147,129,20,0,0,255,255,255,2,0,0,0,,,,,,
#DST_IMAGE,0,2000,1402,147,129,20,0,0,255,255,255,2,0,0,0,,,,,,
#SRC_IMAGE,0,2,1770,550,129,132,1,1,0,0,0,0,0,,,,,,,,
#DST_IMAGE,0,0,1402,-672,129,792,0,255,255,255,255,1,0,0,0,1000,0,306,0,0,
#DST_IMAGE,0,250,1402,120,129,132,0,255,255,255,255,1,0,0,0,,,,,,
#DST_IMAGE,0,1060,1402,120,129,132,0,255,255,255,255,1,0,0,0,,,,,,
#DST_IMAGE,0,1260,1402,120,129,132,0,100,255,255,255,1,0,0,0,,,,,,
#DST_IMAGE,0,1460,1402,120,129,132,0,255,255,255,255,1,0,0,0,,,,,,
#DST_IMAGE,0,2000,1402,120,129,132,0,255,255,255,255,1,0,0,0,,,,,,
#SRC_IMAGE,0,2,1770,805,129,10,1,1,0,0,0,0,0,,,,,,,,
#DST_IMAGE,0,1000,1402,242,129,10,0,200,255,255,255,2,0,0,0,1000,0,306,0,0,
#DST_IMAGE,0,1030,1402,242,129,10,0,200,255,255,255,2,0,0,0,,,,,,
#DST_IMAGE,0,1200,1402,242,129,10,0,0,255,255,255,2,0,0,0,,,,,,
#DST_IMAGE,0,2000,1402,242,129,10,0,0,255,255,255,2,0,0,0,,,,,,
#SRC_IMAGE,0,2,1770,790,129,15,1,1,0,0,0,0,0,,,,,,,,
#DST_IMAGE,0,1030,1402,227,129,15,0,200,255,255,255,2,0,0,0,1000,0,306,0,0,
#DST_IMAGE,0,1060,1402,227,129,15,0,200,255,255,255,2,0,0,0,,,,,,
#DST_IMAGE,0,1200,1402,227,129,15,0,0,255,255,255,2,0,0,0,,,,,,
#DST_IMAGE,0,2000,1402,227,129,15,0,0,255,255,255,2,0,0,0,,,,,,
#SRC_IMAGE,0,2,1770,770,129,20,1,1,0,0,0,0,0,,,,,,,,
#DST_IMAGE,0,1060,1402,207,129,20,0,150,255,255,255,2,0,0,0,1000,0,306,0,0,
#DST_IMAGE,0,1090,1402,207,129,20,0,150,255,255,255,2,0,0,0,,,,,,
#DST_IMAGE,0,1200,1402,207,129,20,0,0,255,255,255,2,0,0,0,,,,,,
#DST_IMAGE,0,2000,1402,207,129,20,0,0,255,255,255,2,0,0,0,,,,,,
#SRC_IMAGE,0,2,1770,730,129,40,1,1,0,0,0,0,0,,,,,,,,
#DST_IMAGE,0,1090,1402,167,129,40,0,100,255,255,255,2,0,0,0,1000,0,306,0,0,
#DST_IMAGE,0,1120,1402,167,129,40,0,100,255,255,255,2,0,0,0,,,,,,
#DST_IMAGE,0,1200,1402,167,129,40,0,0,255,255,255,2,0,0,0,,,,,,
#DST_IMAGE,0,2000,1402,167,129,40,0,0,255,255,255,2,0,0,0,,,,,,
#SRC_IMAGE,0,2,1770,710,129,20,1,1,0,0,0,0,0,,,,,,,,
#DST_IMAGE,0,1120,1402,147,129,20,0,50,255,255,255,2,0,0,0,1000,0,306,0,0,
#DST_IMAGE,0,1150,1402,147,129,20,0,50,255,255,255,2,0,0,0,,,,,,
#DST_IMAGE,0,1200,1402,147,129,20,0,0,255,255,255,2,0,0,0,,,,,,
#DST_IMAGE,0,2000,1402,147,129,20,0,0,255,255,255,2,0,0,0,,,,,,
#SRC_IMAGE,0,2,1900,550,129,132,1,1,0,0,0,0,0,,,,,,,,
#DST_IMAGE,0,0,1402,-672,129,792,0,255,255,255,255,1,0,0,0,1000,0,307,0,0,
#DST_IMAGE,0,250,1402,120,129,132,0,255,255,255,255,1,0,0,0,,,,,,
#DST_IMAGE,0,1060,1402,120,129,132,0,255,255,255,255,1,0,0,0,,,,,,
#DST_IMAGE,0,1260,1402,120,129,132,0,100,255,255,255,1,0,0,0,,,,,,
#DST_IMAGE,0,1460,1402,120,129,132,0,255,255,255,255,1,0,0,0,,,,,,
#DST_IMAGE,0,2000,1402,120,129,132,0,255,255,255,255,1,0,0,0,,,,,,
#SRC_IMAGE,0,2,1900,805,129,10,1,1,0,0,0,0,0,,,,,,,,
#DST_IMAGE,0,1000,1402,242,129,10,0,200,255,255,255,2,0,0,0,1000,0,307,0,0,
#DST_IMAGE,0,1030,1402,242,129,10,0,200,255,255,255,2,0,0,0,,,,,,
#DST_IMAGE,0,1200,1402,242,129,10,0,0,255,255,255,2,0,0,0,,,,,,
#DST_IMAGE,0,2000,1402,242,129,10,0,0,255,255,255,2,0,0,0,,,,,,
#SRC_IMAGE,0,2,1900,790,129,15,1,1,0,0,0,0,0,,,,,,,,
#DST_IMAGE,0,1030,1402,227,129,15,0,200,255,255,255,2,0,0,0,1000,0,307,0,0,
#DST_IMAGE,0,1060,1402,227,129,15,0,200,255,255,255,2,0,0,0,,,,,,
#DST_IMAGE,0,1200,1402,227,129,15,0,0,255,255,255,2,0,0,0,,,,,,
#DST_IMAGE,0,2000,1402,227,129,15,0,0,255,255,255,2,0,0,0,,,,,,
#SRC_IMAGE,0,2,1900,770,129,20,1,1,0,0,0,0,0,,,,,,,,
#DST_IMAGE,0,1060,1402,207,129,20,0,150,255,255,255,2,0,0,0,1000,0,307,0,0,
#DST_IMAGE,0,1090,1402,207,129,20,0,150,255,255,255,2,0,0,0,,,,,,
#DST_IMAGE,0,1200,1402,207,129,20,0,0,255,255,255,2,0,0,0,,,,,,
#DST_IMAGE,0,2000,1402,207,129,20,0,0,255,255,255,2,0,0,0,,,,,,
#SRC_IMAGE,0,2,1900,730,129,40,1,1,0,0,0,0,0,,,,,,,,
#DST_IMAGE,0,1090,1402,167,129,40,0,100,255,255,255,2,0,0,0,1000,0,307,0,0,
#DST_IMAGE,0,1120,1402,167,129,40,0,100,255,255,255,2,0,0,0,,,,,,
#DST_IMAGE,0,1200,1402,167,129,40,0,0,255,255,255,2,0,0,0,,,,,,
#DST_IMAGE,0,2000,1402,167,129,40,0,0,255,255,255,2,0,0,0,,,,,,
#SRC_IMAGE,0,2,1900,710,129,20,1,1,0,0,0,0,0,,,,,,,,
#DST_IMAGE,0,1120,1402,147,129,20,0,50,255,255,255,2,0,0,0,1000,0,307,0,0,
#DST_IMAGE,0,1150,1402,147,129,20,0,50,255,255,255,2,0,0,0,,,,,,
#DST_IMAGE,0,1200,1402,147,129,20,0,0,255,255,255,2,0,0,0,,,,,,
#DST_IMAGE,0,2000,1402,147,129,20,0,0,255,255,255,2,0,0,0,,,,,,
#SRC_IMAGE,0,2,1900,550,129,132,1,1,0,0,0,0,0,,,,,,,,
#DST_IMAGE,0,0,1402,-672,129,792,0,255,255,255,255,1,0,0,0,1000,0,308,0,0,
#DST_IMAGE,0,250,1402,120,129,132,0,255,255,255,255,1,0,0,0,,,,,,
#DST_IMAGE,0,1060,1402,120,129,132,0,255,255,255,255,1,0,0,0,,,,,,
#DST_IMAGE,0,1260,1402,120,129,132,0,100,255,255,255,1,0,0,0,,,,,,
#DST_IMAGE,0,1460,1402,120,129,132,0,255,255,255,255,1,0,0,0,,,,,,
#DST_IMAGE,0,2000,1402,120,129,132,0,255,255,255,255,1,0,0,0,,,,,,
#SRC_IMAGE,0,2,1900,805,129,10,1,1,0,0,0,0,0,,,,,,,,
#DST_IMAGE,0,1000,1402,242,129,10,0,200,255,255,255,2,0,0,0,1000,0,308,0,0,
#DST_IMAGE,0,1030,1402,242,129,10,0,200,255,255,255,2,0,0,0,,,,,,
#DST_IMAGE,0,1200,1402,242,129,10,0,0,255,255,255,2,0,0,0,,,,,,
#DST_IMAGE,0,2000,1402,242,129,10,0,0,255,255,255,2,0,0,0,,,,,,
#SRC_IMAGE,0,2,1900,790,129,15,1,1,0,0,0,0,0,,,,,,,,
#DST_IMAGE,0,1030,1402,227,129,15,0,200,255,255,255,2,0,0,0,1000,0,308,0,0,
#DST_IMAGE,0,1060,1402,227,129,15,0,200,255,255,255,2,0,0,0,,,,,,
#DST_IMAGE,0,1200,1402,227,129,15,0,0,255,255,255,2,0,0,0,,,,,,
#DST_IMAGE,0,2000,1402,227,129,15,0,0,255,255,255,2,0,0,0,,,,,,
#SRC_IMAGE,0,2,1900,770,129,20,1,1,0,0,0,0,0,,,,,,,,
#DST_IMAGE,0,1060,1402,207,129,20,0,150,255,255,255,2,0,0,0,1000,0,308,0,0,
#DST_IMAGE,0,1090,1402,207,129,20,0,150,255,255,255,2,0,0,0,,,,,,
#DST_IMAGE,0,1200,1402,207,129,20,0,0,255,255,255,2,0,0,0,,,,,,
#DST_IMAGE,0,2000,1402,207,129,20,0,0,255,255,255,2,0,0,0,,,,,,
#SRC_IMAGE,0,2,1900,730,129,40,1,1,0,0,0,0,0,,,,,,,,
#DST_IMAGE,0,1090,1402,167,129,40,0,100,255,255,255,2,0,0,0,1000,0,308,0,0,
#DST_IMAGE,0,1120,1402,167,129,40,0,100,255,255,255,2,0,0,0,,,,,,
#DST_IMAGE,0,1200,1402,167,129,40,0,0,255,255,255,2,0,0,0,,,,,,
#DST_IMAGE,0,2000,1402,167,129,40,0,0,255,255,255,2,0,0,0,,,,,,
#SRC_IMAGE,0,2,1900,710,129,20,1,1,0,0,0,0,0,,,,,,,,
#DST_IMAGE,0,1120,1402,147,129,20,0,50,255,255,255,2,0,0,0,1000,0,308,0,0,
#DST_IMAGE,0,1150,1402,147,129,20,0,50,255,255,255,2,0,0,0,,,,,,
#DST_IMAGE,0,1200,1402,147,129,20,0,0,255,255,255,2,0,0,0,,,,,,
#DST_IMAGE,0,2000,1402,147,129,20,0,0,255,255,255,2,0,0,0,,,,,,
#SRC_IMAGE,0,1,0,750,439,32,1,1,0,0,0,0,0,,,,,,,,
#DST_IMAGE,0,600,1412,287,439,32,0,0,255,255,255,1,0,0,0,700,0,160,0,0,
#DST_IMAGE,0,700,1412,287,439,32,0,255,255,255,255,1,0,0,0,,,,,,
#SRC_IMAGE,0,1,0,800,439,57,1,1,0,0,0,0,0,,,,,,,,
#DST_IMAGE,0,600,1412,262,439,57,0,0,255,255,255,1,0,0,0,700,0,162,0,0,
#DST_IMAGE,0,700,1412,262,439,57,0,255,255,255,255,1,0,0,0,,,,,,
#SRC_IMAGE,0,1,0,0,50,24,1,1,0,0,0,0,0,,,,,,,,
#DST_IMAGE,0,600,1421,292,50,24,0,0,0,0,255,1,0,0,0,700,0,184,160,0,
#DST_IMAGE,0,700,1421,292,50,24,0,255,0,0,255,1,0,0,0,,,,,,
#SRC_IMAGE,0,1,0,0,50,24,1,1,0,0,0,0,0,,,,,,,,
#DST_IMAGE,0,600,1421,292,50,24,0,0,0,255,0,1,0,0,0,700,0,183,160,0,
#DST_IMAGE,0,700,1421,292,50,24,0,255,0,255,0,1,0,0,0,,,,,,
#SRC_IMAGE,0,1,0,0,50,24,1,1,0,0,0,0,0,,,,,,,,
#DST_IMAGE,0,600,1421,292,50,24,0,0,0,255,255,1,0,0,0,700,0,182,160,0,
#DST_IMAGE,0,700,1421,292,50,24,0,255,0,255,255,1,0,0,0,,,,,,
#SRC_IMAGE,0,1,0,0,50,24,1,1,0,0,0,0,0,,,,,,,,
#DST_IMAGE,0,600,1421,292,50,24,0,0,255,128,0,1,0,0,0,700,0,181,160,0,
#DST_IMAGE,0,700,1421,292,50,24,0,255,255,128,0,1,0,0,0,,,,,,
#SRC_IMAGE,0,1,0,0,50,24,1,1,0,0,0,0,0,,,,,,,,
#DST_IMAGE,0,600,1421,292,50,24,0,0,255,0,0,1,0,0,0,700,0,180,160,0,
#DST_IMAGE,0,700,1421,292,50,24,0,255,255,0,0,1,0,0,0,,,,,,
#SRC_IMAGE,0,1,0,0,50,24,1,1,0,0,0,0,0,,,,,,,,
#DST_IMAGE,0,600,1421,292,50,24,0,0,0,0,255,1,0,0,0,700,0,184,161,0,
#DST_IMAGE,0,700,1421,292,50,24,0,255,0,0,255,1,0,0,0,,,,,,
#SRC_IMAGE,0,1,0,0,50,24,1,1,0,0,0,0,0,,,,,,,,
#DST_IMAGE,0,600,1421,292,50,24,0,0,0,255,0,1,0,0,0,700,0,183,161,0,
#DST_IMAGE,0,700,1421,292,50,24,0,255,0,255,0,1,0,0,0,,,,,,
#SRC_IMAGE,0,1,0,0,50,24,1,1,0,0,0,0,0,,,,,,,,
#DST_IMAGE,0,600,1421,292,50,24,0,0,0,255,255,1,0,0,0,700,0,182,161,0,
#DST_IMAGE,0,700,1421,292,50,24,0,255,0,255,255,1,0,0,0,,,,,,
#SRC_IMAGE,0,1,0,0,50,24,1,1,0,0,0,0,0,,,,,,,,
#DST_IMAGE,0,600,1421,292,50,24,0,0,255,128,0,1,0,0,0,700,0,181,161,0,
#DST_IMAGE,0,700,1421,292,50,24,0,255,255,128,0,1,0,0,0,,,,,,
#SRC_IMAGE,0,1,0,0,50,24,1,1,0,0,0,0,0,,,,,,,,
#DST_IMAGE,0,600,1421,292,50,24,0,0,255,0,0,1,0,0,0,700,0,180,161,0,
#DST_IMAGE,0,700,1421,292,50,24,0,255,255,0,0,1,0,0,0,,,,,,
#SRC_IMAGE,0,1,50,0,50,24,1,1,0,0,0,0,0,,,,,,,,
#DST_IMAGE,0,600,1421,267,50,24,0,0,0,0,255,1,0,0,0,700,0,184,162,0,
#DST_IMAGE,0,700,1421,267,50,24,0,255,0,0,255,1,0,0,0,,,,,,
#SRC_IMAGE,0,1,50,0,50,24,1,1,0,0,0,0,0,,,,,,,,
#DST_IMAGE,0,600,1421,267,50,24,0,0,0,255,0,1,0,0,0,700,0,183,162,0,
#DST_IMAGE,0,700,1421,267,50,24,0,255,0,255,0,1,0,0,0,,,,,,
#SRC_IMAGE,0,1,50,0,50,24,1,1,0,0,0,0,0,,,,,,,,
#DST_IMAGE,0,600,1421,267,50,24,0,0,0,255,255,1,0,0,0,700,0,182,162,0,
#DST_IMAGE,0,700,1421,267,50,24,0,255,0,255,255,1,0,0,0,,,,,,
#SRC_IMAGE,0,1,50,0,50,24,1,1,0,0,0,0,0,,,,,,,,
#DST_IMAGE,0,600,1421,267,50,24,0,0,255,128,0,1,0,0,0,700,0,181,162,0,
#DST_IMAGE,0,700,1421,267,50,24,0,255,255,128,0,1,0,0,0,,,,,,
#SRC_IMAGE,0,1,50,0,50,24,1,1,0,0,0,0,0,,,,,,,,
#DST_IMAGE,0,600,1421,267,50,24,0,0,255,0,0,1,0,0,0,700,0,180,162,0,
#DST_IMAGE,0,700,1421,267,50,24,0,255,255,0,0,1,0,0,0,,,,,,
#SRC_IMAGE,0,1,50,0,50,24,1,1,0,0,0,0,0,,,,,,,,
#DST_IMAGE,0,600,1421,267,50,24,0,0,0,0,255,1,0,0,0,700,0,184,163,0,
#DST_IMAGE,0,700,1421,267,50,24,0,255,0,0,255,1,0,0,0,,,,,,
#SRC_IMAGE,0,1,50,0,50,24,1,1,0,0,0,0,0,,,,,,,,
#DST_IMAGE,0,600,1421,267,50,24,0,0,0,255,0,1,0,0,0,700,0,183,163,0,
#DST_IMAGE,0,700,1421,267,50,24,0,255,0,255,0,1,0,0,0,,,,,,
#SRC_IMAGE,0,1,50,0,50,24,1,1,0,0,0,0,0,,,,,,,,
#DST_IMAGE,0,600,1421,267,50,24,0,0,0,255,255,1,0,0,0,700,0,182,163,0,
#DST_IMAGE,0,700,1421,267,50,24,0,255,0,255,255,1,0,0,0,,,,,,
#SRC_IMAGE,0,1,50,0,50,24,1,1,0,0,0,0,0,,,,,,,,
#DST_IMAGE,0,600,1421,267,50,24,0,0,255,128,0,1,0,0,0,700,0,181,163,0,
#DST_IMAGE,0,700,1421,267,50,24,0,255,255,128,0,1,0,0,0,,,,,,
#SRC_IMAGE,0,1,50,0,50,24,1,1,0,0,0,0,0,,,,,,,,
#DST_IMAGE,0,600,1421,267,50,24,0,0,255,0,0,1,0,0,0,700,0,180,163,0,
#DST_IMAGE,0,700,1421,267,50,24,0,255,255,0,0,1,0,0,0,,,,,,
#SRC_IMAGE,0,1,100,0,50,24,1,1,0,0,0,0,0,,,,,,,,
#DST_IMAGE,0,600,1421,292,50,24,0,0,0,0,255,1,0,0,0,700,0,184,164,0,
#DST_IMAGE,0,700,1421,292,50,24,0,255,0,0,255,1,0,0,0,,,,,,
#SRC_IMAGE,0,1,100,0,50,24,1,1,0,0,0,0,0,,,,,,,,
#DST_IMAGE,0,600,1421,292,50,24,0,0,0,255,0,1,0,0,0,700,0,183,164,0,
#DST_IMAGE,0,700,1421,292,50,24,0,255,0,255,0,1,0,0,0,,,,,,
#SRC_IMAGE,0,1,100,0,50,24,1,1,0,0,0,0,0,,,,,,,,
#DST_IMAGE,0,600,1421,292,50,24,0,0,0,255,255,1,0,0,0,700,0,182,164,0,
#DST_IMAGE,0,700,1421,292,50,24,0,255,0,255,255,1,0,0,0,,,,,,
#SRC_IMAGE,0,1,100,0,50,24,1,1,0,0,0,0,0,,,,,,,,
#DST_IMAGE,0,600,1421,292,50,24,0,0,255,128,0,1,0,0,0,700,0,181,164,0,
#DST_IMAGE,0,700,1421,292,50,24,0,255,255,128,0,1,0,0,0,,,,,,
#SRC_IMAGE,0,1,100,0,50,24,1,1,0,0,0,0,0,,,,,,,,
#DST_IMAGE,0,600,1421,292,50,24,0,0,255,0,0,1,0,0,0,700,0,180,164,0,
#DST_IMAGE,0,700,1421,292,50,24,0,255,255,0,0,1,0,0,0,,,,,,
#SRC_IMAGE,0,1,150,0,50,24,1,1,0,0,0,0,0,,,,,,,,
#DST_IMAGE,0,600,1421,292,50,24,0,0,0,0,255,1,0,0,0,700,0,184,1160,0,
#DST_IMAGE,0,700,1421,292,50,24,0,255,0,0,255,1,0,0,0,,,,,,
#SRC_IMAGE,0,1,150,0,50,24,1,1,0,0,0,0,0,,,,,,,,
#DST_IMAGE,0,600,1421,292,50,24,0,0,0,255,0,1,0,0,0,700,0,183,1160,0,
#DST_IMAGE,0,700,1421,292,50,24,0,255,0,255,0,1,0,0,0,,,,,,
#SRC_IMAGE,0,1,150,0,50,24,1,1,0,0,0,0,0,,,,,,,,
#DST_IMAGE,0,600,1421,292,50,24,0,0,0,255,255,1,0,0,0,700,0,182,1160,0,
#DST_IMAGE,0,700,1421,292,50,24,0,255,0,255,255,1,0,0,0,,,,,,
#SRC_IMAGE,0,1,150,0,50,24,1,1,0,0,0,0,0,,,,,,,,
#DST_IMAGE,0,600,1421,292,50,24,0,0,255,128,0,1,0,0,0,700,0,181,1160,0,
#DST_IMAGE,0,700,1421,292,50,24,0,255,255,128,0,1,0,0,0,,,,,,
#SRC_IMAGE,0,1,150,0,50,24,1,1,0,0,0,0,0,,,,,,,,
#DST_IMAGE,0,600,1421,292,50,24,0,0,255,0,0,1,0,0,0,700,0,180,1160,0,
#DST_IMAGE,0,700,1421,292,50,24,0,255,255,0,0,1,0,0,0,,,,,,
#SRC_IMAGE,0,1,200,0,50,24,1,1,0,0,0,0,0,,,,,,,,
#DST_IMAGE,0,600,1421,292,50,24,0,0,0,0,255,1,0,0,0,700,0,184,1161,0,
#DST_IMAGE,0,700,1421,292,50,24,0,255,0,0,255,1,0,0,0,,,,,,
#SRC_IMAGE,0,1,200,0,50,24,1,1,0,0,0,0,0,,,,,,,,
#DST_IMAGE,0,600,1421,292,50,24,0,0,0,255,0,1,0,0,0,700,0,183,1161,0,
#DST_IMAGE,0,700,1421,292,50,24,0,255,0,255,0,1,0,0,0,,,,,,
#SRC_IMAGE,0,1,200,0,50,24,1,1,0,0,0,0,0,,,,,,,,
#DST_IMAGE,0,600,1421,292,50,24,0,0,0,255,255,1,0,0,0,700,0,182,1161,0,
#DST_IMAGE,0,700,1421,292,50,24,0,255,0,255,255,1,0,0,0,,,,,,
#SRC_IMAGE,0,1,200,0,50,24,1,1,0,0,0,0,0,,,,,,,,
#DST_IMAGE,0,600,1421,292,50,24,0,0,255,128,0,1,0,0,0,700,0,181,1161,0,
#DST_IMAGE,0,700,1421,292,50,24,0,255,255,128,0,1,0,0,0,,,,,,
#SRC_IMAGE,0,1,200,0,50,24,1,1,0,0,0,0,0,,,,,,,,
#DST_IMAGE,0,600,1421,292,50,24,0,0,255,0,0,1,0,0,0,700,0,180,1161,0,
#DST_IMAGE,0,700,1421,292,50,24,0,255,255,0,0,1,0,0,0,,,,,,
#SRC_IMAGE,0,1,0,30,122,24,1,1,0,0,0,0,0,,,,,,,,
#DST_IMAGE,0,600,1463,292,122,24,0,0,255,255,255,1,0,0,0,700,0,150,!162,!163,
#DST_IMAGE,0,700,1463,292,122,24,0,255,255,255,255,1,0,0,0,,,,,,
#SRC_IMAGE,0,1,0,60,122,24,1,1,0,0,0,0,0,,,,,,,,
#DST_IMAGE,0,600,1463,292,122,24,0,0,255,255,255,1,0,0,0,700,0,151,!162,!163,
#DST_IMAGE,0,700,1463,292,122,24,0,255,255,255,255,1,0,0,0,,,,,,
#SRC_IMAGE,0,1,0,90,122,24,1,1,0,0,0,0,0,,,,,,,,
#DST_IMAGE,0,600,1463,292,122,24,0,0,255,255,255,1,0,0,0,700,0,152,!162,!163,
#DST_IMAGE,0,700,1463,292,122,24,0,255,255,255,255,1,0,0,0,,,,,,
#SRC_IMAGE,0,1,0,120,122,24,1,1,0,0,0,0,0,,,,,,,,
#DST_IMAGE,0,600,1463,292,122,24,0,0,255,255,255,1,0,0,0,700,0,153,!162,!163,
#DST_IMAGE,0,700,1463,292,122,24,0,255,255,255,255,1,0,0,0,,,,,,
#SRC_IMAGE,0,1,0,150,122,24,1,1,0,0,0,0,0,,,,,,,,
#DST_IMAGE,0,600,1463,292,122,24,0,0,255,255,255,1,0,0,0,700,0,154,!162,!163,
#DST_IMAGE,0,700,1463,292,122,24,0,255,255,255,255,1,0,0,0,,,,,,
#SRC_IMAGE,0,1,0,180,122,24,1,1,0,0,0,0,0,,,,,,,,
#DST_IMAGE,0,600,1463,292,122,24,0,0,255,255,255,1,0,0,0,700,0,155,!162,!163,
#DST_IMAGE,0,700,1463,292,122,24,0,255,255,255,255,1,0,0,0,,,,,,
#SRC_NUMBER,0,1,130,30,230,22,10,1,0,0,96,2,2,,,,,,,,
#DST_NUMBER,0,600,1588,292,23,22,0,0,255,255,255,1,0,0,0,700,0,150,!162,!163,
#DST_NUMBER,0,700,1588,292,23,22,0,255,255,255,255,1,0,0,0,,,,,,
#SRC_NUMBER,0,1,130,60,230,22,10,1,0,0,96,2,2,,,,,,,,
#DST_NUMBER,0,600,1588,292,23,22,0,0,255,255,255,1,0,0,0,700,0,151,!162,!163,
#DST_NUMBER,0,700,1588,292,23,22,0,255,255,255,255,1,0,0,0,,,,,,
#SRC_NUMBER,0,1,130,90,230,22,10,1,0,0,96,2,2,,,,,,,,
#DST_NUMBER,0,600,1588,292,23,22,0,0,255,255,255,1,0,0,0,700,0,152,!162,!163,
#DST_NUMBER,0,700,1588,292,23,22,0,255,255,255,255,1,0,0,0,,,,,,
#SRC_NUMBER,0,1,130,120,230,22,10,1,0,0,96,2,2,,,,,,,,
#DST_NUMBER,0,600,1588,292,23,22,0,0,255,255,255,1,0,0,0,700,0,153,!162,!163,
#DST_NUMBER,0,700,1588,292,23,22,0,255,255,255,255,1,0,0,0,,,,,,
#SRC_NUMBER,0,1,130,150,230,22,10,1,0,0,96,2,2,,,,,,,,
#DST_NUMBER,0,600,1588,292,23,22,0,0,255,255,255,1,0,0,0,700,0,154,!162,!163,
#DST_NUMBER,0,700,1588,292,23,22,0,255,255,255,255,1,0,0,0,,,,,,
#SRC_NUMBER,0,1,130,180,230,22,10,1,0,0,96,2,2,,,,,,,,
#DST_NUMBER,0,600,1588,292,23,22,0,0,255,255,255,1,0,0,0,700,0,155,!162,!163,
#DST_NUMBER,0,700,1588,292,23,22,0,255,255,255,255,1,0,0,0,,,,,,
#SRC_IMAGE,0,1,0,30,122,24,1,1,0,0,0,0,0,,,,,,,,
#DST_IMAGE,0,600,1421,292,122,24,0,0,255,255,255,1,0,0,0,700,0,150,162,0,
#DST_IMAGE,0,700,1421,292,122,24,0,255,255,255,255,1,0,0,0,,,,,,
#SRC_IMAGE,0,1,0,60,122,24,1,1,0,0,0,0,0,,,,,,,,
#DST_IMAGE,0,600,1421,292,122,24,0,0,255,255,255,1,0,0,0,700,0,151,162,0,
#DST_IMAGE,0,700,1421,292,122,24,0,255,255,255,255,1,0,0,0,,,,,,
#SRC_IMAGE,0,1,0,90,122,24,1,1,0,0,0,0,0,,,,,,,,
#DST_IMAGE,0,600,1421,292,122,24,0,0,255,255,255,1,0,0,0,700,0,152,162,0,
#DST_IMAGE,0,700,1421,292,122,24,0,255,255,255,255,1,0,0,0,,,,,,
#SRC_IMAGE,0,1,0,120,122,24,1,1,0,0,0,0,0,,,,,,,,
#DST_IMAGE,0,600,1421,292,122,24,0,0,255,255,255,1,0,0,0,700,0,153,162,0,
#DST_IMAGE,0,700,1421,292,122,24,0,255,255,255,255,1,0,0,0,,,,,,
#SRC_IMAGE,0,1,0,150,122,24,1,1,0,0,0,0,0,,,,,,,,
#DST_IMAGE,0,600,1421,292,122,24,0,0,255,255,255,1,0,0,0,700,0,154,162,0,
#DST_IMAGE,0,700,1421,292,122,24,0,255,255,255,255,1,0,0,0,,,,,,
#SRC_IMAGE,0,1,0,180,122,24,1,1,0,0,0,0,0,,,,,,,,
#DST_IMAGE,0,600,1421,292,122,24,0,0,255,255,255,1,0,0,0,700,0,155,162,0,
#DST_IMAGE,0,700,1421,292,122,24,0,255,255,255,255,1,0,0,0,,,,,,
#SRC_NUMBER,0,1,130,30,230,22,10,1,0,0,96,2,2,,,,,,,,
#DST_NUMBER,0,600,1546,292,23,22,0,0,255,255,255,1,0,0,0,700,0,150,162,0,
#DST_NUMBER,0,700,1546,292,23,22,0,255,255,255,255,1,0,0,0,,,,,,
#SRC_NUMBER,0,1,130,60,230,22,10,1,0,0,96,2,2,,,,,,,,
#DST_NUMBER,0,600,1546,292,23,22,0,0,255,255,255,1,0,0,0,700,0,151,162,0,
#DST_NUMBER,0,700,1546,292,23,22,0,255,255,255,255,1,0,0,0,,,,,,
#SRC_NUMBER,0,1,130,90,230,22,10,1,0,0,96,2,2,,,,,,,,
#DST_NUMBER,0,600,1546,292,23,22,0,0,255,255,255,1,0,0,0,700,0,152,162,0,
#DST_NUMBER,0,700,1546,292,23,22,0,255,255,255,255,1,0,0,0,,,,,,
#SRC_NUMBER,0,1,130,120,230,22,10,1,0,0,96,2,2,,,,,,,,
#DST_NUMBER,0,600,1546,292,23,22,0,0,255,255,255,1,0,0,0,700,0,153,162,0,
#DST_NUMBER,0,700,1546,292,23,22,0,255,255,255,255,1,0,0,0,,,,,,
#SRC_NUMBER,0,1,130,150,230,22,10,1,0,0,96,2,2,,,,,,,,
#DST_NUMBER,0,600,1546,292,23,22,0,0,255,255,255,1,0,0,0,700,0,154,162,0,
#DST_NUMBER,0,700,1546,292,23,22,0,255,255,255,255,1,0,0,0,,,,,,
#SRC_NUMBER,0,1,130,180,230,22,10,1,0,0,96,2,2,,,,,,,,
#DST_NUMBER,0,600,1546,292,23,22,0,0,255,255,255,1,0,0,0,700,0,155,162,0,
#DST_NUMBER,0,700,1546,292,23,22,0,255,255,255,255,1,0,0,0,,,,,,
#SRC_BUTTON,0,1,0,240,112,300,1,10,0,0,42,0,0,0,,,,,,,
#DST_BUTTON,0,600,1637,292,112,30,0,0,255,255,255,1,0,0,0,700,0,!162,!163,0,
#DST_BUTTON,0,700,1637,292,112,30,0,255,255,255,255,1,0,0,0,,,,,,
#SRC_BUTTON,0,1,0,540,136,120,1,4,0,0,54,0,0,0,,,,,,,
#DST_BUTTON,0,600,1463,267,136,30,0,0,255,255,255,1,0,0,0,700,0,162,0,0,
#DST_BUTTON,0,700,1463,267,136,30,0,255,255,255,255,1,0,0,0,,,,,,
#SRC_IMAGE,0,1,770,0,50,24,1,1,0,0,0,0,0,,,,,,,,
#DST_IMAGE,0,600,1595,267,50,24,0,0,255,255,255,1,0,0,0,700,0,162,0,0,
#DST_IMAGE,0,700,1595,267,50,24,0,255,255,255,255,1,0,0,0,,,,,,
#SRC_IMAGE,0,1,820,0,50,24,1,1,0,0,0,0,0,,,,,,,,
#DST_IMAGE,0,600,1595,292,50,24,0,0,255,255,255,1,0,0,0,700,0,162,0,0,
#DST_IMAGE,0,700,1595,292,50,24,0,255,255,255,255,1,0,0,0,,,,,,
#SRC_BUTTON,0,1,0,240,112,300,1,10,0,0,42,0,0,0,,,,,,,
#DST_BUTTON,0,600,1637,267,112,30,0,0,255,255,255,1,0,0,0,700,0,162,0,0,
#DST_BUTTON,0,700,1637,267,112,30,0,255,255,255,255,1,0,0,0,,,,,,
#SRC_BUTTON,0,1,0,240,112,300,1,10,0,0,43,0,0,0,,,,,,,
#DST_BUTTON,0,600,1637,292,112,30,0,0,255,255,255,1,0,0,0,700,0,162,0,0,
#DST_BUTTON,0,700,1637,292,112,30,0,255,255,255,255,1,0,0,0,,,,,,
#SRC_BUTTON,0,1,0,240,112,300,1,10,0,0,42,0,0,0,,,,,,,
#DST_BUTTON,0,600,1637,267,112,30,0,0,255,255,255,1,0,0,0,700,0,163,0,0,
#DST_BUTTON,0,700,1637,267,112,30,0,255,255,255,255,1,0,0,0,,,,,,
#SRC_BUTTON,0,1,0,240,112,300,1,10,0,0,43,0,0,0,,,,,,,
#DST_BUTTON,0,600,1637,292,112,30,0,0,255,255,255,1,0,0,0,700,0,163,0,0,
#DST_BUTTON,0,700,1637,292,112,30,0,255,255,255,255,1,0,0,0,,,,,,
#SRC_NUMBER,0,1,250,0,253,22,11,1,0,0,106,0,4,,,,,,,,
#DST_NUMBER,0,600,1752,292,23,22,0,0,255,255,255,1,0,0,0,700,0,0,0,0,
#DST_NUMBER,0,700,1752,292,23,22,0,255,255,255,255,1,0,0,0,,,,,,
#SRC_IMAGE,0,1,130,470,253,114,1,1,0,0,0,0,0,,,,,,,,
#DST_IMAGE,0,600,1076,320,253,114,0,255,255,255,255,0,0,0,0,700,0,0,0,0,
#DST_IMAGE,0,700,1076,320,253,114,0,255,255,255,255,0,0,0,0,,,,,,
#SRC_NUMBER,0,1,250,0,230,22,10,1,0,0,376,0,3,,,,,,,,
#DST_NUMBER,0,600,1072,365,23,22,0,0,255,255,255,1,0,0,0,700,0,0,0,0,
#DST_NUMBER,0,700,1072,365,23,22,0,255,255,255,255,1,0,0,0,,,,,,
#SRC_IMAGE,0,1,290,210,9,22,1,1,0,0,0,0,0,,,,,,,,
#DST_IMAGE,0,600,1141,365,9,22,2,255,255,255,255,0,0,0,0,700,0,0,0,0,
#DST_IMAGE,0,700,1141,365,9,22,2,255,255,255,255,0,0,0,0,,,,,,
#SRC_NUMBER,0,1,510,0,253,22,11,1,0,0,377,0,2,,,,,,,,
#DST_NUMBER,0,600,1150,365,23,22,0,0,255,255,255,1,0,0,0,700,0,0,0,0,
#DST_NUMBER,0,700,1150,365,23,22,0,255,255,255,255,1,0,0,0,,,,,,
#SRC_NUMBER,0,1,250,0,230,22,10,1,0,0,374,0,3,,,,,,,,
#DST_NUMBER,0,600,1072,395,23,22,0,0,255,255,255,1,0,0,0,700,0,0,0,0,
#DST_NUMBER,0,700,1072,395,23,22,0,255,255,255,255,1,0,0,0,,,,,,
#SRC_IMAGE,0,1,290,210,9,22,1,1,0,0,0,0,0,,,,,,,,
#DST_IMAGE,0,600,1141,395,9,22,2,255,255,255,255,0,0,0,0,700,0,0,0,0,
#DST_IMAGE,0,700,1141,395,9,22,2,255,255,255,255,0,0,0,0,,,,,,
#SRC_NUMBER,0,1,510,0,253,22,11,1,0,0,375,0,2,,,,,,,,
#DST_NUMBER,0,600,1150,395,23,22,0,0,255,255,255,1,0,0,0,700,0,0,0,0,
#DST_NUMBER,0,700,1150,395,23,22,0,255,255,255,255,1,0,0,0,,,,,,
#ENDIF,,,,,,,,,,,,,,,,,,,,,
