#IF,900,,,,,,,,,,,,,,,,,,,,
#SRC_IMAGE,0,2,0,0,548,360,1,1,0,0,0,0,0,,,,,,,,
#DST_IMAGE,0,0,92,346,548,360,0,255,255,255,255,0,0,0,0,100,0,0,0,0,40
#DST_IMAGE,0,100,42,346,548,360,0,255,255,255,255,0,0,0,0,,,,,,
#SRC_IMAGE,0,2,0,744,548,25,1,1,0,0,0,0,0,,,,,,,,
#DST_IMAGE,0,0,92,353,548,25,0,255,255,255,255,0,0,0,0,100,0,0,0,0,
#DST_IMAGE,0,100,42,353,548,25,0,255,255,255,255,0,0,0,0,,,,,,
#SRC_IMAGE,0,2,0,844,55,44,1,1,0,0,0,0,0,,,,,,,,
#DST_IMAGE,0,500,4,332,55,44,0,0,255,255,255,1,0,0,0,800,0,196,0,0,
#DST_IMAGE,0,800,4,332,55,44,0,255,255,255,255,1,0,,,,,,,,
#SRC_IMAGE,0,2,0,800,55,44,1,1,0,0,0,0,0,,,,,,,,
#DST_IMAGE,0,500,4,332,55,44,0,0,255,255,255,1,0,0,0,800,0,197,0,0,
#DST_IMAGE,0,800,4,332,55,44,0,255,255,255,255,1,0,,,,,,,,
#SRC_IMAGE,0,2,0,888,55,44,1,1,0,0,0,0,0,,,,,,,,
#DST_IMAGE,0,500,4,332,55,44,0,0,255,255,255,1,0,0,0,800,0,198,0,0,
#DST_IMAGE,0,800,4,332,55,44,0,255,255,255,255,1,0,,,,,,,,
#SRC_IMAGE,0,2,55,844,55,44,1,1,0,0,0,0,0,,,,,,,,
#DST_IMAGE,0,500,59,332,55,44,0,0,255,255,255,1,0,0,0,800,0,1196,0,0,
#DST_IMAGE,0,800,59,332,55,44,0,255,255,255,255,1,0,,,,,,,,
#SRC_IMAGE,0,2,55,800,55,44,1,1,0,0,0,0,0,,,,,,,,
#DST_IMAGE,0,500,59,332,55,44,0,0,255,255,255,1,0,0,0,800,0,1197,0,0,
#DST_IMAGE,0,800,59,332,55,44,0,255,255,255,255,1,0,,,,,,,,
#SRC_IMAGE,0,2,55,888,55,44,1,1,0,0,0,0,0,,,,,,,,
#DST_IMAGE,0,500,59,332,55,44,0,0,255,255,255,1,0,0,0,800,0,1198,0,0,
#DST_IMAGE,0,800,59,332,55,44,0,255,255,255,255,1,0,,,,,,,,
#SRC_IMAGE,0,2,110,844,55,44,1,1,0,0,0,0,0,,,,,,,,
#DST_IMAGE,0,500,114,332,55,44,0,0,255,255,255,1,0,0,0,800,0,1199,0,0,
#DST_IMAGE,0,800,114,332,55,44,0,255,255,255,255,1,0,,,,,,,,
#SRC_IMAGE,0,2,110,800,55,44,1,1,0,0,0,0,0,,,,,,,,
#DST_IMAGE,0,500,114,332,55,44,0,0,255,255,255,1,0,0,0,800,0,1200,0,0,
#DST_IMAGE,0,800,114,332,55,44,0,255,255,255,255,1,0,,,,,,,,
#SRC_IMAGE,0,2,110,888,55,44,1,1,0,0,0,0,0,,,,,,,,
#DST_IMAGE,0,500,114,332,55,44,0,0,255,255,255,1,0,0,0,800,0,1201,0,0,
#DST_IMAGE,0,800,114,332,55,44,0,255,255,255,255,1,0,,,,,,,,
#SRC_IMAGE,0,2,165,844,55,44,1,1,0,0,0,0,0,,,,,,,,
#DST_IMAGE,0,500,169,332,55,44,0,0,255,255,255,1,0,0,0,800,0,1202,0,0,
#DST_IMAGE,0,800,169,332,55,44,0,255,255,255,255,1,0,,,,,,,,
#SRC_IMAGE,0,2,165,800,55,44,1,1,0,0,0,0,0,,,,,,,,
#DST_IMAGE,0,500,169,332,55,44,0,0,255,255,255,1,0,0,0,800,0,1203,0,0,
#DST_IMAGE,0,800,169,332,55,44,0,255,255,255,255,1,0,,,,,,,,
#SRC_IMAGE,0,2,165,888,55,44,1,1,0,0,0,0,0,,,,,,,,
#DST_IMAGE,0,500,169,332,55,44,0,0,255,255,255,1,0,0,0,800,0,1204,0,0,
#DST_IMAGE,0,800,169,332,55,44,0,255,255,255,255,1,0,,,,,,,,
#SRC_IMAGE,0,2,0,696,538,48,1,1,0,0,0,0,0,,,,,,,,
#DST_IMAGE,0,100,46,382,538,48,0,0,255,255,255,1,0,0,0,150,0,0,0,0,40
#DST_IMAGE,0,150,46,382,538,48,0,255,255,255,255,1,0,0,0,,,,,,
#SRC_IMAGE,0,2,0,360,538,48,1,1,0,0,0,0,0,,,,,,,,
#DST_IMAGE,0,100,46,382,538,48,0,0,255,255,255,1,0,0,0,150,0,0,0,0,
#DST_IMAGE,0,150,46,382,538,48,0,255,255,255,255,1,0,0,0,,,,,,
#SRC_IMAGE,0,2,550,0,6,54,1,1,0,0,0,0,0,,,,,,,,
#DST_IMAGE,0,100,416,391,6,54,0,0,255,255,255,1,0,0,0,150,0,0,0,0,
#DST_IMAGE,0,150,416,391,6,54,0,255,255,255,255,1,0,0,0,,,,,,
#SRC_IMAGE,0,2,0,696,538,48,1,1,0,0,0,0,0,,,,,,,,
#DST_IMAGE,0,100,46,382,538,48,0,0,255,255,255,2,0,0,0,-1,0,0,0,0,
#DST_IMAGE,0,150,46,382,538,48,0,255,255,255,255,2,0,0,0,,,,,,
#DST_IMAGE,0,200,46,382,538,48,0,0,255,255,255,2,0,0,0,,,,,,
#SRC_IMAGE,0,2,0,696,538,48,1,1,0,0,0,0,0,,,,,,,,
#DST_IMAGE,0,150,46,436,538,48,0,0,255,255,255,1,0,0,0,200,0,0,0,0,40
#DST_IMAGE,0,200,46,436,538,48,0,255,255,255,255,1,0,0,0,,,,,,
#SRC_IMAGE,0,2,0,408,538,48,1,1,0,0,0,0,0,,,,,,,,
#DST_IMAGE,0,150,46,438,538,48,0,0,255,255,255,1,0,0,0,200,0,0,0,0,
#DST_IMAGE,0,200,46,438,538,48,0,255,255,255,255,1,0,0,0,,,,,,
#SRC_IMAGE,0,2,550,0,6,54,1,1,0,0,0,0,0,,,,,,,,
#DST_IMAGE,0,150,416,445,6,54,0,0,255,255,255,1,0,0,0,200,0,0,0,0,
#DST_IMAGE,0,200,416,445,6,54,0,255,255,255,255,1,0,0,0,,,,,,
#SRC_IMAGE,0,2,0,696,538,48,1,1,0,0,0,0,0,,,,,,,,
#DST_IMAGE,0,150,46,436,538,48,0,0,255,255,255,2,0,0,0,-1,0,0,0,0,
#DST_IMAGE,0,200,46,436,538,48,0,255,255,255,255,2,0,0,0,,,,,,
#DST_IMAGE,0,250,46,436,538,48,0,0,255,255,255,2,0,0,0,,,,,,
#SRC_IMAGE,0,2,0,696,538,48,1,1,0,0,0,0,0,,,,,,,,
#DST_IMAGE,0,200,46,490,538,48,0,0,255,255,255,1,0,0,0,250,0,0,0,0,40
#DST_IMAGE,0,250,46,490,538,48,0,255,255,255,255,1,0,0,0,,,,,,
#SRC_IMAGE,0,2,0,456,538,48,1,1,0,0,0,0,0,,,,,,,,
#DST_IMAGE,0,200,46,492,538,48,0,0,255,255,255,1,0,0,0,250,0,0,0,0,
#DST_IMAGE,0,250,46,492,538,48,0,255,255,255,255,1,0,0,0,,,,,,
#SRC_IMAGE,0,2,550,0,6,54,1,1,0,0,0,0,0,,,,,,,,
#DST_IMAGE,0,200,416,499,6,54,0,0,255,255,255,1,0,0,0,250,0,0,0,0,
#DST_IMAGE,0,250,416,499,6,54,0,255,255,255,255,1,0,0,0,,,,,,
#SRC_IMAGE,0,2,0,696,538,48,1,1,0,0,0,0,0,,,,,,,,
#DST_IMAGE,0,200,46,490,538,48,0,0,255,255,255,2,0,0,0,-1,0,0,0,0,
#DST_IMAGE,0,250,46,490,538,48,0,255,255,255,255,2,0,0,0,,,,,,
#DST_IMAGE,0,300,46,490,538,48,0,0,255,255,255,2,0,0,0,,,,,,
#SRC_IMAGE,0,2,0,696,538,48,1,1,0,0,0,0,0,,,,,,,,
#DST_IMAGE,0,250,46,544,538,48,0,0,255,255,255,1,0,0,0,300,0,0,0,0,40
#DST_IMAGE,0,300,46,544,538,48,0,255,255,255,255,1,0,0,0,,,,,,
#SRC_IMAGE,0,2,0,504,538,48,1,1,0,0,0,0,0,,,,,,,,
#DST_IMAGE,0,250,46,546,538,48,0,0,255,255,255,1,0,0,0,300,0,0,0,0,
#DST_IMAGE,0,300,46,546,538,48,0,255,255,255,255,1,0,0,0,,,,,,
#SRC_IMAGE,0,2,550,0,6,54,1,1,0,0,0,0,0,,,,,,,,
#DST_IMAGE,0,250,416,553,6,54,0,0,255,255,255,1,0,0,0,300,0,0,0,0,
#DST_IMAGE,0,300,416,553,6,54,0,255,255,255,255,1,0,0,0,,,,,,
#SRC_IMAGE,0,2,0,696,538,48,1,1,0,0,0,0,0,,,,,,,,
#DST_IMAGE,0,250,46,544,538,48,0,0,255,255,255,2,0,0,0,-1,0,0,0,0,
#DST_IMAGE,0,300,46,544,538,48,0,255,255,255,255,2,0,0,0,,,,,,
#DST_IMAGE,0,350,46,544,538,48,0,0,255,255,255,2,0,0,0,,,,,,
#SRC_IMAGE,0,2,0,696,538,48,1,1,0,0,0,0,0,,,,,,,,
#DST_IMAGE,0,300,46,598,538,48,0,0,255,255,255,1,0,0,0,350,0,0,0,0,40
#DST_IMAGE,0,350,46,598,538,48,0,255,255,255,255,1,0,0,0,,,,,,
#SRC_IMAGE,0,2,0,552,538,48,1,1,0,0,0,0,0,,,,,,,,
#DST_IMAGE,0,300,46,600,538,48,0,0,255,255,255,1,0,0,0,350,0,0,0,0,
#DST_IMAGE,0,350,46,600,538,48,0,255,255,255,255,1,0,0,0,,,,,,
#SRC_IMAGE,0,2,550,0,6,54,1,1,0,0,0,0,0,,,,,,,,
#DST_IMAGE,0,300,416,607,6,54,0,0,255,255,255,1,0,0,0,350,0,0,0,0,
#DST_IMAGE,0,350,416,607,6,54,0,255,255,255,255,1,0,0,0,,,,,,
#SRC_IMAGE,0,2,0,696,538,48,1,1,0,0,0,0,0,,,,,,,,
#DST_IMAGE,0,300,46,598,538,48,0,0,255,255,255,2,0,0,0,-1,0,0,0,0,
#DST_IMAGE,0,350,46,598,538,48,0,255,255,255,255,2,0,0,0,,,,,,
#DST_IMAGE,0,400,46,598,538,48,0,0,255,255,255,2,0,0,0,,,,,,
#SRC_IMAGE,0,2,0,696,538,48,1,1,0,0,0,0,0,,,,,,,,
#DST_IMAGE,0,350,46,652,538,48,0,0,255,255,255,1,0,0,0,400,0,0,0,0,40
#DST_IMAGE,0,400,46,652,538,48,0,255,255,255,255,1,0,0,0,,,,,,
#SRC_IMAGE,0,2,0,600,538,48,1,1,0,0,0,0,0,,,,,,,,
#DST_IMAGE,0,350,46,654,538,48,0,0,255,255,255,1,0,0,0,400,0,0,0,0,
#DST_IMAGE,0,400,46,654,538,48,0,255,255,255,255,1,0,0,0,,,,,,
#SRC_IMAGE,0,2,550,0,6,54,1,1,0,0,0,0,0,,,,,,,,
#DST_IMAGE,0,350,416,661,6,54,0,0,255,255,255,1,0,0,0,400,0,0,0,0,
#DST_IMAGE,0,400,416,661,6,54,0,255,255,255,255,1,0,0,0,,,,,,
#SRC_IMAGE,0,2,0,696,538,48,1,1,0,0,0,0,0,,,,,,,,
#DST_IMAGE,0,350,46,652,538,48,0,0,255,255,255,2,0,0,0,-1,0,0,0,0,
#DST_IMAGE,0,400,46,652,538,48,0,255,255,255,255,2,0,0,0,,,,,,
#DST_IMAGE,0,450,46,652,538,48,0,0,255,255,255,2,0,0,0,,,,,,
#SRC_IMAGE,0,2,230,880,150,40,1,1,0,0,0,0,0,,,,,,,,
#DST_IMAGE,0,600,262,441,150,40,0,255,255,255,255,2,0,0,0,1000,0,!335,0,0,
#DST_IMAGE,0,1000,262,441,150,40,0,255,255,255,255,2,0,,,,,,,,
#DST_IMAGE,0,1050,262,441,150,40,0,100,255,255,255,1,0,,,,,,,,
#DST_IMAGE,0,1100,262,441,150,40,0,255,255,255,255,1,0,,,,,,,,
#SRC_IMAGE,0,2,230,880,150,40,1,1,0,0,0,0,0,,,,,,,,
#DST_IMAGE,0,800,262,495,150,40,0,255,255,255,255,1,0,0,0,800,0,!330,0,0,
#DST_IMAGE,0,850,262,495,150,40,0,100,255,255,255,1,0,,,,,,,,
#DST_IMAGE,0,900,262,495,150,40,0,255,255,255,255,1,0,,,,,,,,
#SRC_IMAGE,0,2,230,880,150,40,1,1,0,0,0,0,0,,,,,,,,
#DST_IMAGE,0,800,262,549,150,40,0,255,255,255,255,1,0,0,0,800,0,!330,0,0,
#DST_IMAGE,0,850,262,549,150,40,0,100,255,255,255,1,0,,,,,,,,
#DST_IMAGE,0,900,262,549,150,40,0,255,255,255,255,1,0,,,,,,,,
#SRC_IMAGE,0,2,230,880,150,40,1,1,0,0,0,0,0,,,,,,,,
#DST_IMAGE,0,800,262,603,150,40,0,255,255,255,255,1,0,0,0,800,0,!331,0,0,
#DST_IMAGE,0,850,262,603,150,40,0,100,255,255,255,1,0,,,,,,,,
#DST_IMAGE,0,900,262,603,150,40,0,255,255,255,255,1,0,,,,,,,,
#SRC_IMAGE,0,2,230,880,150,40,1,1,0,0,0,0,0,,,,,,,,
#DST_IMAGE,0,800,262,657,150,40,0,255,255,255,255,1,0,0,0,800,0,!332,0,0,
#DST_IMAGE,0,850,262,657,150,40,0,100,255,255,255,1,0,,,,,,,,
#DST_IMAGE,0,900,262,657,150,40,0,255,255,255,255,1,0,,,,,,,,
#SRC_IMAGE,0,2,230,880,150,40,1,1,0,0,0,0,0,,,,,,,,
#DST_IMAGE,0,800,426,441,150,40,0,255,255,255,255,1,0,0,0,800,0,335,0,0,
#DST_IMAGE,0,850,426,441,150,40,0,100,255,255,255,1,0,,,,,,,,
#DST_IMAGE,0,900,426,441,150,40,0,255,255,255,255,1,0,,,,,,,,
#SRC_IMAGE,0,2,230,880,150,40,1,1,0,0,0,0,0,,,,,,,,
#DST_IMAGE,0,800,426,495,150,40,0,255,255,255,255,1,0,0,0,800,0,330,0,0,
#DST_IMAGE,0,850,426,495,150,40,0,100,255,255,255,1,0,,,,,,,,
#DST_IMAGE,0,900,426,495,150,40,0,255,255,255,255,1,0,,,,,,,,
#SRC_IMAGE,0,2,230,880,150,40,1,1,0,0,0,0,0,,,,,,,,
#DST_IMAGE,0,800,426,549,150,40,0,255,255,255,255,1,0,0,0,800,0,330,0,0,
#DST_IMAGE,0,850,426,549,150,40,0,100,255,255,255,1,0,,,,,,,,
#DST_IMAGE,0,900,426,549,150,40,0,255,255,255,255,1,0,,,,,,,,
#SRC_IMAGE,0,2,230,880,150,40,1,1,0,0,0,0,0,,,,,,,,
#DST_IMAGE,0,800,426,603,150,40,0,255,255,255,255,1,0,0,0,800,0,331,0,0,
#DST_IMAGE,0,850,426,603,150,40,0,100,255,255,255,1,0,,,,,,,,
#DST_IMAGE,0,900,426,603,150,40,0,255,255,255,255,1,0,,,,,,,,
#SRC_IMAGE,0,2,230,880,150,40,1,1,0,0,0,0,0,,,,,,,,
#DST_IMAGE,0,800,426,657,150,40,0,255,255,255,255,1,0,0,0,800,0,332,0,0,
#DST_IMAGE,0,850,426,657,150,40,0,100,255,255,255,1,0,,,,,,,,
#DST_IMAGE,0,900,426,657,150,40,0,255,255,255,255,1,0,,,,,,,,
#SRC_IMAGE,0,2,380,800,146,146,1,1,0,0,0,0,0,,,,,,,,
#DST_IMAGE,0,800,335,460,0,0,0,0,255,255,255,2,0,0,0,-1,0,!335,0,0,
#DST_IMAGE,0,1000,262,387,146,146,0,200,255,255,255,2,0,,,,,,,,
#DST_IMAGE,0,1200,262,387,146,146,0,0,255,255,255,2,0,,,,,,,,
#SRC_IMAGE,0,2,380,800,146,146,1,1,0,0,0,0,0,,,,,,,,
#DST_IMAGE,0,900,335,460,0,0,0,0,255,255,255,2,0,0,0,-1,0,!335,0,0,
#DST_IMAGE,0,1100,262,387,146,146,0,200,255,255,255,2,0,,,,,,,,
#DST_IMAGE,0,1300,262,387,146,146,0,0,255,255,255,2,0,,,,,,,,
#SRC_IMAGE,0,2,380,800,146,146,1,1,0,0,0,0,0,,,,,,,,
#DST_IMAGE,0,800,335,514,0,0,0,0,255,255,255,2,0,0,0,-1,0,!330,0,0,
#DST_IMAGE,0,1000,262,441,146,146,0,200,255,255,255,2,0,,,,,,,,
#DST_IMAGE,0,1200,262,441,146,146,0,0,255,255,255,2,0,,,,,,,,
#SRC_IMAGE,0,2,380,800,146,146,1,1,0,0,0,0,0,,,,,,,,
#DST_IMAGE,0,900,335,514,0,0,0,0,255,255,255,2,0,0,0,-1,0,!330,0,0,
#DST_IMAGE,0,1100,262,441,146,146,0,200,255,255,255,2,0,,,,,,,,
#DST_IMAGE,0,1300,262,441,146,146,0,0,255,255,255,2,0,,,,,,,,
#SRC_IMAGE,0,2,380,800,146,146,1,1,0,0,0,0,0,,,,,,,,
#DST_IMAGE,0,800,335,568,0,0,0,0,255,255,255,2,0,0,0,-1,0,!330,0,0,
#DST_IMAGE,0,1000,262,495,146,146,0,200,255,255,255,2,0,,,,,,,,
#DST_IMAGE,0,1200,262,495,146,146,0,0,255,255,255,2,0,,,,,,,,
#SRC_IMAGE,0,2,380,800,146,146,1,1,0,0,0,0,0,,,,,,,,
#DST_IMAGE,0,900,335,568,0,0,0,0,255,255,255,2,0,0,0,-1,0,!330,0,0,
#DST_IMAGE,0,1100,262,495,146,146,0,200,255,255,255,2,0,,,,,,,,
#DST_IMAGE,0,1300,262,495,146,146,0,0,255,255,255,2,0,,,,,,,,
#SRC_IMAGE,0,2,380,800,146,146,1,1,0,0,0,0,0,,,,,,,,
#DST_IMAGE,0,800,335,622,0,0,0,0,255,255,255,2,0,0,0,-1,0,!331,0,0,
#DST_IMAGE,0,1000,262,549,146,146,0,200,255,255,255,2,0,,,,,,,,
#DST_IMAGE,0,1200,262,549,146,146,0,0,255,255,255,2,0,,,,,,,,
#SRC_IMAGE,0,2,380,800,146,146,1,1,0,0,0,0,0,,,,,,,,
#DST_IMAGE,0,900,335,622,0,0,0,0,255,255,255,2,0,0,0,-1,0,!331,0,0,
#DST_IMAGE,0,1100,262,549,146,146,0,200,255,255,255,2,0,,,,,,,,
#DST_IMAGE,0,1300,262,549,146,146,0,0,255,255,255,2,0,,,,,,,,
#SRC_IMAGE,0,2,380,800,146,146,1,1,0,0,0,0,0,,,,,,,,
#DST_IMAGE,0,800,335,676,0,0,0,0,255,255,255,2,0,0,0,-1,0,!332,0,0,
#DST_IMAGE,0,1000,262,603,146,146,0,200,255,255,255,2,0,,,,,,,,
#DST_IMAGE,0,1200,262,603,146,146,0,0,255,255,255,2,0,,,,,,,,
#SRC_IMAGE,0,2,380,800,146,146,1,1,0,0,0,0,0,,,,,,,,
#DST_IMAGE,0,900,335,676,0,0,0,0,255,255,255,2,0,0,0,-1,0,!332,0,0,
#DST_IMAGE,0,1100,262,603,146,146,0,200,255,255,255,2,0,,,,,,,,
#DST_IMAGE,0,1300,262,603,146,146,0,0,255,255,255,2,0,,,,,,,,
#SRC_IMAGE,0,2,380,800,146,146,1,1,0,0,0,0,0,,,,,,,,
#DST_IMAGE,0,800,499,460,0,0,0,0,255,255,255,2,0,0,0,-1,0,355,0,0,
#DST_IMAGE,0,1000,426,387,146,146,0,200,255,255,255,2,0,,,,,,,,
#DST_IMAGE,0,1200,426,387,146,146,0,0,255,255,255,2,0,,,,,,,,
#SRC_IMAGE,0,2,380,800,146,146,1,1,0,0,0,0,0,,,,,,,,
#DST_IMAGE,0,900,499,460,0,0,0,0,255,255,255,2,0,0,0,-1,0,335,0,0,
#DST_IMAGE,0,1100,426,387,146,146,0,200,255,255,255,2,0,,,,,,,,
#DST_IMAGE,0,1300,426,387,146,146,0,0,255,255,255,2,0,,,,,,,,
#SRC_IMAGE,0,2,380,800,146,146,1,1,0,0,0,0,0,,,,,,,,
#DST_IMAGE,0,800,499,514,0,0,0,0,255,255,255,2,0,0,0,-1,0,330,0,0,
#DST_IMAGE,0,1000,426,441,146,146,0,200,255,255,255,2,0,,,,,,,,
#DST_IMAGE,0,1200,426,441,146,146,0,0,255,255,255,2,0,,,,,,,,
#SRC_IMAGE,0,2,380,800,146,146,1,1,0,0,0,0,0,,,,,,,,
#DST_IMAGE,0,900,499,514,0,0,0,0,255,255,255,2,0,0,0,-1,0,330,0,0,
#DST_IMAGE,0,1100,426,441,146,146,0,200,255,255,255,2,0,,,,,,,,
#DST_IMAGE,0,1300,426,441,146,146,0,0,255,255,255,2,0,,,,,,,,
#SRC_IMAGE,0,2,380,800,146,146,1,1,0,0,0,0,0,,,,,,,,
#DST_IMAGE,0,800,499,568,0,0,0,0,255,255,255,2,0,0,0,-1,0,330,0,0,
#DST_IMAGE,0,1000,426,495,146,146,0,200,255,255,255,2,0,,,,,,,,
#DST_IMAGE,0,1200,426,495,146,146,0,0,255,255,255,2,0,,,,,,,,
#SRC_IMAGE,0,2,380,800,146,146,1,1,0,0,0,0,0,,,,,,,,
#DST_IMAGE,0,900,499,568,0,0,0,0,255,255,255,2,0,0,0,-1,0,330,0,0,
#DST_IMAGE,0,1100,426,495,146,146,0,200,255,255,255,2,0,,,,,,,,
#DST_IMAGE,0,1300,426,495,146,146,0,0,255,255,255,2,0,,,,,,,,
#SRC_IMAGE,0,2,380,800,146,146,1,1,0,0,0,0,0,,,,,,,,
#DST_IMAGE,0,800,499,622,0,0,0,0,255,255,255,2,0,0,0,-1,0,331,0,0,
#DST_IMAGE,0,1000,426,549,146,146,0,200,255,255,255,2,0,,,,,,,,
#DST_IMAGE,0,1200,426,549,146,146,0,0,255,255,255,2,0,,,,,,,,
#SRC_IMAGE,0,2,380,800,146,146,1,1,0,0,0,0,0,,,,,,,,
#DST_IMAGE,0,900,499,622,0,0,0,0,255,255,255,2,0,0,0,-1,0,331,0,0,
#DST_IMAGE,0,1100,426,549,146,146,0,200,255,255,255,2,0,,,,,,,,
#DST_IMAGE,0,1300,426,549,146,146,0,0,255,255,255,2,0,,,,,,,,
#SRC_IMAGE,0,2,380,800,146,146,1,1,0,0,0,0,0,,,,,,,,
#DST_IMAGE,0,800,499,676,0,0,0,0,255,255,255,2,0,0,0,-1,0,332,0,0,
#DST_IMAGE,0,1000,426,603,146,146,0,200,255,255,255,2,0,,,,,,,,
#DST_IMAGE,0,1200,426,603,146,146,0,0,255,255,255,2,0,,,,,,,,
#SRC_IMAGE,0,2,380,800,146,146,1,1,0,0,0,0,0,,,,,,,,
#DST_IMAGE,0,900,499,676,0,0,0,0,255,255,255,2,0,0,0,-1,0,332,0,0,
#DST_IMAGE,0,1100,426,603,146,146,0,200,255,255,255,2,0,,,,,,,,
#DST_IMAGE,0,1300,426,603,146,146,0,0,255,255,255,2,0,,,,,,,,
#SRC_BUTTON,0,2,1150,0,822,286,6,11,192,0,371,0,0,0,11,,,,,,
#DST_BUTTON,0,1000,269,392,137,26,0,0,255,255,255,1,0,0,0,1300,0,0,0,0,
#DST_BUTTON,0,1300,269,392,137,26,0,255,255,255,255,1,0,0,0,,,,,,
#SRC_BUTTON,0,2,1150,0,822,286,6,11,192,0,370,0,0,0,11,,,,,,
#DST_BUTTON,0,1000,432,392,137,26,0,0,255,255,255,1,0,0,0,1300,0,0,0,0,
#DST_BUTTON,0,1300,432,392,137,26,0,255,255,255,255,1,0,0,0,,,,,,
#SRC_IMAGE,0,2,1150,550,92,32,1,1,0,0,0,0,0,,,,,,,,
#DST_IMAGE,0,1000,291,445,92,32,0,0,255,255,255,1,0,0,0,1300,0,320,0,0,
#DST_IMAGE,0,1300,291,445,92,32,0,255,255,255,255,1,0,,,,,,,,
#SRC_IMAGE,0,2,1150,582,92,32,1,1,0,0,0,0,0,,,,,,,,
#DST_IMAGE,0,1000,291,445,92,32,0,0,255,255,255,1,0,0,0,1300,0,321,0,0,
#DST_IMAGE,0,1300,291,445,92,32,0,255,255,255,255,1,0,,,,,,,,
#SRC_IMAGE,0,2,1150,614,92,32,1,1,0,0,0,0,0,,,,,,,,
#DST_IMAGE,0,1000,291,445,92,32,0,0,255,255,255,1,0,0,0,1300,0,322,0,0,
#DST_IMAGE,0,1300,291,445,92,32,0,255,255,255,255,1,0,,,,,,,,
#SRC_IMAGE,0,2,1150,646,92,32,1,1,0,0,0,0,0,,,,,,,,
#DST_IMAGE,0,1000,291,445,92,32,0,0,255,255,255,1,0,0,0,1300,0,323,0,0,
#DST_IMAGE,0,1300,291,445,92,32,0,255,255,255,255,1,0,,,,,,,,
#SRC_IMAGE,0,2,1150,678,92,32,1,1,0,0,0,0,0,,,,,,,,
#DST_IMAGE,0,1000,291,445,92,32,0,0,255,255,255,1,0,0,0,1300,0,324,0,0,
#DST_IMAGE,0,1300,291,445,92,32,0,255,255,255,255,1,0,,,,,,,,
#SRC_IMAGE,0,2,1150,710,92,32,1,1,0,0,0,0,0,,,,,,,,
#DST_IMAGE,0,1000,291,445,92,32,0,0,255,255,255,1,0,0,0,1300,0,325,0,0,
#DST_IMAGE,0,1300,291,445,92,32,0,255,255,255,255,1,0,,,,,,,,
#SRC_IMAGE,0,2,1150,742,92,32,1,1,0,0,0,0,0,,,,,,,,
#DST_IMAGE,0,1000,291,445,92,32,0,0,255,255,255,1,0,0,0,1300,0,326,0,0,
#DST_IMAGE,0,1300,291,445,92,32,0,255,255,255,255,1,0,,,,,,,,
#SRC_IMAGE,0,2,1150,774,92,32,1,1,0,0,0,0,0,,,,,,,,
#DST_IMAGE,0,1000,291,445,92,32,0,0,255,255,255,1,0,0,0,1300,0,327,0,0,
#DST_IMAGE,0,1300,291,445,92,32,0,255,255,255,255,1,0,,,,,,,,
#SRC_IMAGE,0,2,1150,550,92,32,1,1,0,0,0,0,0,,,,,,,,
#DST_IMAGE,0,1000,455,445,92,32,0,0,255,255,255,1,0,0,0,1300,0,340,0,0,
#DST_IMAGE,0,1300,455,445,92,32,0,255,255,255,255,1,0,,,,,,,,
#SRC_IMAGE,0,2,1150,582,92,32,1,1,0,0,0,0,0,,,,,,,,
#DST_IMAGE,0,1000,455,445,92,32,0,0,255,255,255,1,0,0,0,1300,0,341,0,0,
#DST_IMAGE,0,1300,455,445,92,32,0,255,255,255,255,1,0,,,,,,,,
#SRC_IMAGE,0,2,1150,614,92,32,1,1,0,0,0,0,0,,,,,,,,
#DST_IMAGE,0,1000,455,445,92,32,0,0,255,255,255,1,0,0,0,1300,0,342,0,0,
#DST_IMAGE,0,1300,455,445,92,32,0,255,255,255,255,1,0,,,,,,,,
#SRC_IMAGE,0,2,1150,646,92,32,1,1,0,0,0,0,0,,,,,,,,
#DST_IMAGE,0,1000,455,445,92,32,0,0,255,255,255,1,0,0,0,1300,0,343,0,0,
#DST_IMAGE,0,1300,455,445,92,32,0,255,255,255,255,1,0,,,,,,,,
#SRC_IMAGE,0,2,1150,678,92,32,1,1,0,0,0,0,0,,,,,,,,
#DST_IMAGE,0,1000,455,445,92,32,0,0,255,255,255,1,0,0,0,1300,0,344,0,0,
#DST_IMAGE,0,1300,455,445,92,32,0,255,255,255,255,1,0,,,,,,,,
#SRC_IMAGE,0,2,1150,710,92,32,1,1,0,0,0,0,0,,,,,,,,
#DST_IMAGE,0,1000,455,445,92,32,0,0,255,255,255,1,0,0,0,1300,0,345,0,0,
#DST_IMAGE,0,1300,455,445,92,32,0,255,255,255,255,1,0,,,,,,,,
#SRC_IMAGE,0,2,1150,742,92,32,1,1,0,0,0,0,0,,,,,,,,
#DST_IMAGE,0,1000,455,445,92,32,0,0,255,255,255,1,0,0,0,1300,0,346,0,0,
#DST_IMAGE,0,1300,455,445,92,32,0,255,255,255,255,1,0,,,,,,,,
#SRC_IMAGE,0,2,1150,774,92,32,1,1,0,0,0,0,0,,,,,,,,
#DST_IMAGE,0,1000,455,445,92,32,0,0,255,255,255,1,0,0,0,1300,0,347,0,0,
#DST_IMAGE,0,1300,455,445,92,32,0,255,255,255,255,1,0,,,,,,,,
#SRC_NUMBER,0,2,1486,378,240,46,12,2,0,0,154,1,4,,,,,,,,
#DST_NUMBER,0,1000,624,448,20,23,0,0,255,255,255,1,0,0,0,1300,0,0,0,0,
#DST_NUMBER,0,1300,624,448,20,23,0,255,255,255,255,1,0,0,0,,,,,,
#SRC_NUMBER,0,2,1150,300,308,26,11,1,0,0,183,0,2,,,,,,,,
#DST_NUMBER,0,1000,273,502,28,26,0,0,255,255,255,1,0,0,0,1300,0,0,0,0,
#DST_NUMBER,0,1300,273,502,28,26,0,255,255,255,255,1,0,0,0,,,,,,
#SRC_IMAGE,0,2,1766,300,9,26,1,1,0,0,0,0,0,,,,,,,,
#DST_IMAGE,0,1000,329,502,9,26,0,0,255,255,255,1,0,0,0,1300,0,0,0,0,
#DST_IMAGE,0,1300,329,502,9,26,0,255,255,255,255,1,0,,,,,,,,
#SRC_NUMBER,0,2,1458,300,308,26,11,1,0,0,184,0,2,,,,,,,,
#DST_NUMBER,0,1000,338,502,28,26,0,0,255,255,255,1,0,0,0,1300,0,0,0,0,
#DST_NUMBER,0,1300,338,502,28,26,0,255,255,255,255,1,0,0,0,,,,,,
#SRC_NUMBER,0,2,1150,300,308,26,11,1,0,0,150,0,5,,,,,,,,
#DST_NUMBER,0,1000,263,556,28,26,0,0,255,255,255,1,0,0,0,1300,0,0,0,0,
#DST_NUMBER,0,1300,263,556,28,26,0,255,255,255,255,1,0,0,0,,,,,,
#SRC_NUMBER,0,2,1150,300,308,26,11,1,0,0,173,0,4,,,,,,,,
#DST_NUMBER,0,1000,277,610,28,26,0,0,255,255,255,1,0,0,0,1300,0,0,0,0,
#DST_NUMBER,0,1300,277,610,28,26,0,255,255,255,255,1,0,0,0,,,,,,
#SRC_NUMBER,0,2,1150,300,308,26,11,1,0,0,176,0,4,,,,,,,,
#DST_NUMBER,0,1000,277,664,28,26,0,0,255,255,255,1,0,0,0,1300,0,0,0,0,
#DST_NUMBER,0,1300,277,664,28,26,0,255,255,255,255,1,0,0,0,,,,,,
#SRC_NUMBER,0,2,1150,300,308,26,11,1,0,0,102,0,2,,,,,,,,
#DST_NUMBER,0,1000,440,502,28,26,0,0,255,255,255,1,0,0,0,1300,0,0,0,0,
#DST_NUMBER,0,1300,440,502,28,26,0,255,255,255,255,1,0,0,0,,,,,,
#SRC_IMAGE,0,2,1766,300,9,26,1,1,0,0,0,0,0,,,,,,,,
#DST_IMAGE,0,1000,496,502,9,26,0,0,255,255,255,1,0,0,0,1300,0,0,0,0,
#DST_IMAGE,0,1300,496,502,9,26,0,255,255,255,255,1,0,,,,,,,,
#SRC_NUMBER,0,2,1458,300,308,26,11,1,0,0,103,0,2,,,,,,,,
#DST_NUMBER,0,1000,505,502,28,26,0,0,255,255,255,1,0,0,0,1300,0,0,0,0,
#DST_NUMBER,0,1300,505,502,28,26,0,255,255,255,255,1,0,0,0,,,,,,
#SRC_NUMBER,0,2,1150,300,308,26,11,1,0,0,71,0,5,,,,,,,,
#DST_NUMBER,0,1000,431,556,28,26,0,0,255,255,255,1,0,0,0,1300,0,0,0,0,
#DST_NUMBER,0,1300,431,556,28,26,0,255,255,255,255,1,0,0,0,,,,,,
#SRC_NUMBER,0,2,1150,300,308,26,11,1,0,0,75,0,4,,,,,,,,
#DST_NUMBER,0,1000,445,610,28,26,0,0,255,255,255,1,0,0,0,1300,0,0,0,0,
#DST_NUMBER,0,1300,445,610,28,26,0,255,255,255,255,1,0,0,0,,,,,,
#SRC_NUMBER,0,2,1150,300,308,26,11,1,0,0,76,0,4,,,,,,,,
#DST_NUMBER,0,1000,445,664,28,26,0,0,255,255,255,1,0,0,0,1300,0,0,0,0,
#DST_NUMBER,0,1300,445,664,28,26,0,255,255,255,255,1,0,0,0,,,,,,
#SRC_NUMBER,0,2,1486,378,240,46,12,2,0,0,172,1,4,,,,,,,,
#DST_NUMBER,0,1000,624,556,20,23,0,0,255,255,255,1,0,0,0,1300,0,0,0,0,
#DST_NUMBER,0,1300,624,556,20,23,0,255,255,255,255,1,0,0,0,,,,,,
#SRC_NUMBER,0,2,1486,378,240,46,12,2,0,0,175,1,4,,,,,,,,
#DST_NUMBER,0,1000,624,610,20,23,0,0,255,255,255,1,0,0,0,1300,0,0,0,0,
#DST_NUMBER,0,1300,624,610,20,23,0,255,255,255,255,1,0,0,0,,,,,,
#SRC_NUMBER,0,2,1486,378,240,46,12,2,0,0,178,1,4,,,,,,,,
#DST_NUMBER,0,1000,624,664,20,23,0,0,255,255,255,1,0,0,0,1300,0,0,0,0,
#DST_NUMBER,0,1300,624,664,20,23,0,255,255,255,255,1,0,0,0,,,,,,
#SRC_IMAGE,0,2,230,800,36,48,1,1,0,0,0,0,0,,,,,,,,
#DST_IMAGE,0,800,574,434,36,48,0,255,255,255,255,0,0,0,0,800,0,335,0,0,
#DST_IMAGE,0,1000,574,435,36,48,0,255,255,255,255,0,0,,,,,,,,
#DST_IMAGE,0,1200,574,436,36,48,0,255,255,255,255,0,0,,,,,,,,
#DST_IMAGE,0,1400,574,435,36,48,0,255,255,255,255,0,0,,,,,,,,
#DST_IMAGE,0,1600,574,434,36,48,0,255,255,255,255,0,0,,,,,,,,
#SRC_IMAGE,0,2,230,800,36,48,1,1,0,0,0,0,0,,,,,,,,
#DST_IMAGE,0,800,574,434,36,48,0,0,255,255,255,2,0,0,0,800,0,335,0,0,
#DST_IMAGE,0,1000,574,435,36,48,0,128,255,255,255,2,0,,,,,,,,
#DST_IMAGE,0,1200,574,436,36,48,0,255,255,255,255,2,0,,,,,,,,
#DST_IMAGE,0,1400,574,435,36,48,0,128,255,255,255,2,0,,,,,,,,
#DST_IMAGE,0,1600,574,434,36,48,0,0,255,255,255,2,0,,,,,,,,
#SRC_IMAGE,0,2,230,850,36,24,1,1,0,0,0,0,0,,,,,,,,
#DST_IMAGE,0,800,574,466,36,24,0,255,255,255,255,0,0,0,0,800,0,335,0,0,
#SRC_IMAGE,0,2,230,800,36,48,1,1,0,0,0,0,0,,,,,,,,
#DST_IMAGE,0,800,574,488,36,48,0,255,255,255,255,0,0,0,0,800,0,330,0,0,
#DST_IMAGE,0,1000,574,489,36,48,0,255,255,255,255,0,0,,,,,,,,
#DST_IMAGE,0,1200,574,490,36,48,0,255,255,255,255,0,0,,,,,,,,
#DST_IMAGE,0,1400,574,489,36,48,0,255,255,255,255,0,0,,,,,,,,
#DST_IMAGE,0,1600,574,488,36,48,0,255,255,255,255,0,0,,,,,,,,
#SRC_IMAGE,0,2,230,800,36,48,1,1,0,0,0,0,0,,,,,,,,
#DST_IMAGE,0,800,574,488,36,48,0,0,255,255,255,2,0,0,0,800,0,330,0,0,
#DST_IMAGE,0,1000,574,489,36,48,0,128,255,255,255,2,0,,,,,,,,
#DST_IMAGE,0,1200,574,490,36,48,0,255,255,255,255,2,0,,,,,,,,
#DST_IMAGE,0,1400,574,489,36,48,0,128,255,255,255,2,0,,,,,,,,
#DST_IMAGE,0,1600,574,488,36,48,0,0,255,255,255,2,0,,,,,,,,
#SRC_IMAGE,0,2,230,850,36,24,1,1,0,0,0,0,0,,,,,,,,
#DST_IMAGE,0,800,574,520,36,24,0,255,255,255,255,0,0,0,0,800,0,330,0,0,
#SRC_IMAGE,0,2,230,800,36,48,1,1,0,0,0,0,0,,,,,,,,
#DST_IMAGE,0,800,574,542,36,48,0,255,255,255,255,0,0,0,0,800,0,330,0,0,
#DST_IMAGE,0,1000,574,543,36,48,0,255,255,255,255,0,0,,,,,,,,
#DST_IMAGE,0,1200,574,544,36,48,0,255,255,255,255,0,0,,,,,,,,
#DST_IMAGE,0,1400,574,543,36,48,0,255,255,255,255,0,0,,,,,,,,
#DST_IMAGE,0,1600,574,542,36,48,0,255,255,255,255,0,0,,,,,,,,
#SRC_IMAGE,0,2,230,800,36,48,1,1,0,0,0,0,0,,,,,,,,
#DST_IMAGE,0,800,574,542,36,48,0,0,255,255,255,2,0,0,0,800,0,330,0,0,
#DST_IMAGE,0,1000,574,543,36,48,0,128,255,255,255,2,0,,,,,,,,
#DST_IMAGE,0,1200,574,544,36,48,0,255,255,255,255,2,0,,,,,,,,
#DST_IMAGE,0,1400,574,543,36,48,0,128,255,255,255,2,0,,,,,,,,
#DST_IMAGE,0,1600,574,542,36,48,0,0,255,255,255,2,0,,,,,,,,
#SRC_IMAGE,0,2,230,850,36,24,1,1,0,0,0,0,0,,,,,,,,
#DST_IMAGE,0,800,574,574,36,24,0,255,255,255,255,0,0,0,0,800,0,330,0,0,
#SRC_IMAGE,0,2,230,800,36,48,1,1,0,0,0,0,0,,,,,,,,
#DST_IMAGE,0,800,574,596,36,48,0,255,255,255,255,0,0,0,0,800,0,331,0,0,
#DST_IMAGE,0,1000,574,597,36,48,0,255,255,255,255,0,0,,,,,,,,
#DST_IMAGE,0,1200,574,598,36,48,0,255,255,255,255,0,0,,,,,,,,
#DST_IMAGE,0,1400,574,597,36,48,0,255,255,255,255,0,0,,,,,,,,
#DST_IMAGE,0,1600,574,596,36,48,0,255,255,255,255,0,0,,,,,,,,
#SRC_IMAGE,0,2,230,800,36,48,1,1,0,0,0,0,0,,,,,,,,
#DST_IMAGE,0,800,574,596,36,48,0,0,255,255,255,2,0,0,0,800,0,331,0,0,
#DST_IMAGE,0,1000,574,597,36,48,0,128,255,255,255,2,0,,,,,,,,
#DST_IMAGE,0,1200,574,598,36,48,0,255,255,255,255,2,0,,,,,,,,
#DST_IMAGE,0,1400,574,597,36,48,0,128,255,255,255,2,0,,,,,,,,
#DST_IMAGE,0,1600,574,596,36,48,0,0,255,255,255,2,0,,,,,,,,
#SRC_IMAGE,0,2,230,850,36,24,1,1,0,0,0,0,0,,,,,,,,
#DST_IMAGE,0,800,574,628,36,24,0,255,255,255,255,0,0,0,0,800,0,331,0,0,
#SRC_IMAGE,0,2,230,800,36,48,1,1,0,0,0,0,0,,,,,,,,
#DST_IMAGE,0,800,574,650,36,48,0,255,255,255,255,0,0,0,0,800,0,332,0,0,
#DST_IMAGE,0,1000,574,651,36,48,0,255,255,255,255,0,0,,,,,,,,
#DST_IMAGE,0,1200,574,652,36,48,0,255,255,255,255,0,0,,,,,,,,
#DST_IMAGE,0,1400,574,651,36,48,0,255,255,255,255,0,0,,,,,,,,
#DST_IMAGE,0,1600,574,650,36,48,0,255,255,255,255,0,0,,,,,,,,
#SRC_IMAGE,0,2,230,800,36,48,1,1,0,0,0,0,0,,,,,,,,
#DST_IMAGE,0,800,574,650,36,48,0,0,255,255,255,2,0,0,0,800,0,332,0,0,
#DST_IMAGE,0,1000,574,651,36,48,0,128,255,255,255,2,0,,,,,,,,
#DST_IMAGE,0,1200,574,652,36,48,0,255,255,255,255,2,0,,,,,,,,
#DST_IMAGE,0,1400,574,651,36,48,0,128,255,255,255,2,0,,,,,,,,
#DST_IMAGE,0,1600,574,650,36,48,0,0,255,255,255,2,0,,,,,,,,
#SRC_IMAGE,0,2,230,850,36,24,1,1,0,0,0,0,0,,,,,,,,
#DST_IMAGE,0,800,574,682,36,24,0,255,255,255,255,0,0,0,0,800,0,332,0,0,
#SRC_IMAGE,0,2,270,800,36,48,1,1,0,0,0,0,0,,,,,,,,
#DST_IMAGE,0,800,574,444,36,48,0,255,255,255,255,0,0,0,0,800,0,!335,!1335,0,
#DST_IMAGE,0,1000,574,443,36,48,0,255,255,255,255,0,0,,,,,,,,
#DST_IMAGE,0,1200,574,442,36,48,0,255,255,255,255,0,0,,,,,,,,
#DST_IMAGE,0,1400,574,443,36,48,0,255,255,255,255,0,0,,,,,,,,
#DST_IMAGE,0,1600,574,444,36,48,0,255,255,255,255,0,0,,,,,,,,
#SRC_IMAGE,0,2,270,800,36,48,1,1,0,0,0,0,0,,,,,,,,
#DST_IMAGE,0,800,574,444,36,48,0,0,255,255,255,2,0,0,0,800,0,!335,!1335,0,
#DST_IMAGE,0,1000,574,443,36,48,0,128,255,255,255,2,0,,,,,,,,
#DST_IMAGE,0,1200,574,442,36,48,0,255,255,255,255,2,0,,,,,,,,
#DST_IMAGE,0,1400,574,443,36,48,0,128,255,255,255,2,0,,,,,,,,
#DST_IMAGE,0,1600,574,444,36,48,0,0,255,255,255,2,0,,,,,,,,
#SRC_IMAGE,0,2,270,850,67,24,1,1,0,0,0,0,0,,,,,,,,
#DST_IMAGE,0,800,558,436,67,24,0,255,255,255,255,0,0,0,0,800,0,!335,!1335,0,
#SRC_IMAGE,0,2,270,800,36,48,1,1,0,0,0,0,0,,,,,,,,
#DST_IMAGE,0,800,574,498,36,48,0,255,255,255,255,0,0,0,0,800,0,!330,!1330,0,
#DST_IMAGE,0,1000,574,497,36,48,0,255,255,255,255,0,0,,,,,,,,
#DST_IMAGE,0,1200,574,496,36,48,0,255,255,255,255,0,0,,,,,,,,
#DST_IMAGE,0,1400,574,497,36,48,0,255,255,255,255,0,0,,,,,,,,
#DST_IMAGE,0,1600,574,498,36,48,0,255,255,255,255,0,0,,,,,,,,
#SRC_IMAGE,0,2,270,800,36,48,1,1,0,0,0,0,0,,,,,,,,
#DST_IMAGE,0,800,574,498,36,48,0,0,255,255,255,2,0,0,0,800,0,!330,!1330,0,
#DST_IMAGE,0,1000,574,497,36,48,0,128,255,255,255,2,0,,,,,,,,
#DST_IMAGE,0,1200,574,496,36,48,0,255,255,255,255,2,0,,,,,,,,
#DST_IMAGE,0,1400,574,497,36,48,0,128,255,255,255,2,0,,,,,,,,
#DST_IMAGE,0,1600,574,498,36,48,0,0,255,255,255,2,0,,,,,,,,
#SRC_IMAGE,0,2,270,850,67,24,1,1,0,0,0,0,0,,,,,,,,
#DST_IMAGE,0,800,558,490,67,24,0,255,255,255,255,0,0,0,0,800,0,!330,!1330,0,
#SRC_IMAGE,0,2,270,800,36,48,1,1,0,0,0,0,0,,,,,,,,
#DST_IMAGE,0,800,574,552,36,48,0,255,255,255,255,0,0,0,0,800,0,!330,!1330,0,
#DST_IMAGE,0,1000,574,551,36,48,0,255,255,255,255,0,0,,,,,,,,
#DST_IMAGE,0,1200,574,550,36,48,0,255,255,255,255,0,0,,,,,,,,
#DST_IMAGE,0,1400,574,551,36,48,0,255,255,255,255,0,0,,,,,,,,
#DST_IMAGE,0,1600,574,552,36,48,0,255,255,255,255,0,0,,,,,,,,
#SRC_IMAGE,0,2,270,800,36,48,1,1,0,0,0,0,0,,,,,,,,
#DST_IMAGE,0,800,574,552,36,48,0,0,255,255,255,2,0,0,0,800,0,!330,!1330,0,
#DST_IMAGE,0,1000,574,551,36,48,0,128,255,255,255,2,0,,,,,,,,
#DST_IMAGE,0,1200,574,550,36,48,0,255,255,255,255,2,0,,,,,,,,
#DST_IMAGE,0,1400,574,551,36,48,0,128,255,255,255,2,0,,,,,,,,
#DST_IMAGE,0,1600,574,552,36,48,0,0,255,255,255,2,0,,,,,,,,
#SRC_IMAGE,0,2,270,850,67,24,1,1,0,0,0,0,0,,,,,,,,
#DST_IMAGE,0,800,558,544,67,24,0,255,255,255,255,0,0,0,0,800,0,!330,!1330,0,
#SRC_IMAGE,0,2,270,800,36,48,1,1,0,0,0,0,0,,,,,,,,
#DST_IMAGE,0,800,574,606,36,48,0,255,255,255,255,0,0,0,0,800,0,!331,!1331,0,
#DST_IMAGE,0,1000,574,605,36,48,0,255,255,255,255,0,0,,,,,,,,
#DST_IMAGE,0,1200,574,604,36,48,0,255,255,255,255,0,0,,,,,,,,
#DST_IMAGE,0,1400,574,605,36,48,0,255,255,255,255,0,0,,,,,,,,
#DST_IMAGE,0,1600,574,606,36,48,0,255,255,255,255,0,0,,,,,,,,
#SRC_IMAGE,0,2,270,800,36,48,1,1,0,0,0,0,0,,,,,,,,
#DST_IMAGE,0,800,574,606,36,48,0,0,255,255,255,2,0,0,0,800,0,!331,!1331,0,
#DST_IMAGE,0,1000,574,605,36,48,0,128,255,255,255,2,0,,,,,,,,
#DST_IMAGE,0,1200,574,604,36,48,0,255,255,255,255,2,0,,,,,,,,
#DST_IMAGE,0,1400,574,605,36,48,0,128,255,255,255,2,0,,,,,,,,
#DST_IMAGE,0,1600,574,606,36,48,0,0,255,255,255,2,0,,,,,,,,
#SRC_IMAGE,0,2,270,850,67,24,1,1,0,0,0,0,0,,,,,,,,
#DST_IMAGE,0,800,558,598,67,24,0,255,255,255,255,0,0,0,0,800,0,!331,!1331,0,
#SRC_IMAGE,0,2,270,800,36,48,1,1,0,0,0,0,0,,,,,,,,
#DST_IMAGE,0,800,574,660,36,48,0,255,255,255,255,0,0,0,0,800,0,!332,!1332,0,
#DST_IMAGE,0,1000,574,659,36,48,0,255,255,255,255,0,0,,,,,,,,
#DST_IMAGE,0,1200,574,658,36,48,0,255,255,255,255,0,0,,,,,,,,
#DST_IMAGE,0,1400,574,659,36,48,0,255,255,255,255,0,0,,,,,,,,
#DST_IMAGE,0,1600,574,660,36,48,0,255,255,255,255,0,0,,,,,,,,
#SRC_IMAGE,0,2,270,800,36,48,1,1,0,0,0,0,0,,,,,,,,
#DST_IMAGE,0,800,574,660,36,48,0,0,255,255,255,2,0,0,0,800,0,!332,!1332,0,
#DST_IMAGE,0,1000,574,659,36,48,0,128,255,255,255,2,0,,,,,,,,
#DST_IMAGE,0,1200,574,658,36,48,0,255,255,255,255,2,0,,,,,,,,
#DST_IMAGE,0,1400,574,659,36,48,0,128,255,255,255,2,0,,,,,,,,
#DST_IMAGE,0,1600,574,660,36,48,0,0,255,255,255,2,0,,,,,,,,
#SRC_IMAGE,0,2,270,850,67,24,1,1,0,0,0,0,0,,,,,,,,
#DST_IMAGE,0,800,558,652,67,24,0,255,255,255,255,0,0,0,0,800,0,!332,!1332,0,
#SRC_IMAGE,0,2,310,800,48,36,1,1,0,0,0,0,0,,,,,,,,
#DST_IMAGE,0,800,572,443,48,36,0,255,255,255,255,0,0,0,0,800,0,1335,0,0,
#DST_IMAGE,0,1000,570,443,48,36,0,255,255,255,255,0,0,,,,,,,,
#DST_IMAGE,0,1200,568,443,48,36,0,255,255,255,255,0,0,,,,,,,,
#DST_IMAGE,0,1400,570,443,48,36,0,255,255,255,255,0,0,,,,,,,,
#DST_IMAGE,0,1600,572,443,48,36,0,255,255,255,255,0,0,,,,,,,,
#SRC_IMAGE,0,2,310,800,48,36,1,1,0,0,0,0,0,,,,,,,,
#DST_IMAGE,0,800,572,443,48,36,0,0,255,255,255,2,0,0,0,800,0,1335,0,0,
#DST_IMAGE,0,1000,570,443,48,36,0,128,255,255,255,2,0,,,,,,,,
#DST_IMAGE,0,1200,568,443,48,36,0,255,255,255,255,2,0,,,,,,,,
#DST_IMAGE,0,1400,570,443,48,36,0,128,255,255,255,2,0,,,,,,,,
#DST_IMAGE,0,1600,572,443,48,36,0,0,255,255,255,2,0,,,,,,,,
#SRC_IMAGE,0,2,310,800,48,36,1,1,0,0,0,0,0,,,,,,,,
#DST_IMAGE,0,800,572,497,48,36,0,255,255,255,255,0,0,0,0,800,0,1330,0,0,
#DST_IMAGE,0,1000,570,497,48,36,0,255,255,255,255,0,0,,,,,,,,
#DST_IMAGE,0,1200,568,497,48,36,0,255,255,255,255,0,0,,,,,,,,
#DST_IMAGE,0,1400,570,497,48,36,0,255,255,255,255,0,0,,,,,,,,
#DST_IMAGE,0,1600,572,497,48,36,0,255,255,255,255,0,0,,,,,,,,
#SRC_IMAGE,0,2,310,800,48,36,1,1,0,0,0,0,0,,,,,,,,
#DST_IMAGE,0,800,572,497,48,36,0,0,255,255,255,2,0,0,0,800,0,1330,0,0,
#DST_IMAGE,0,1000,570,497,48,36,0,128,255,255,255,2,0,,,,,,,,
#DST_IMAGE,0,1200,568,497,48,36,0,255,255,255,255,2,0,,,,,,,,
#DST_IMAGE,0,1400,570,497,48,36,0,128,255,255,255,2,0,,,,,,,,
#DST_IMAGE,0,1600,572,497,48,36,0,0,255,255,255,2,0,,,,,,,,
#SRC_IMAGE,0,2,310,800,48,36,1,1,0,0,0,0,0,,,,,,,,
#DST_IMAGE,0,800,572,551,48,36,0,255,255,255,255,0,0,0,0,800,0,1330,0,0,
#DST_IMAGE,0,1000,570,551,48,36,0,255,255,255,255,0,0,,,,,,,,
#DST_IMAGE,0,1200,568,551,48,36,0,255,255,255,255,0,0,,,,,,,,
#DST_IMAGE,0,1400,570,551,48,36,0,255,255,255,255,0,0,,,,,,,,
#DST_IMAGE,0,1600,572,551,48,36,0,255,255,255,255,0,0,,,,,,,,
#SRC_IMAGE,0,2,310,800,48,36,1,1,0,0,0,0,0,,,,,,,,
#DST_IMAGE,0,800,572,551,48,36,0,0,255,255,255,2,0,0,0,800,0,1330,0,0,
#DST_IMAGE,0,1000,570,551,48,36,0,128,255,255,255,2,0,,,,,,,,
#DST_IMAGE,0,1200,568,551,48,36,0,255,255,255,255,2,0,,,,,,,,
#DST_IMAGE,0,1400,570,551,48,36,0,128,255,255,255,2,0,,,,,,,,
#DST_IMAGE,0,1600,572,551,48,36,0,0,255,255,255,2,0,,,,,,,,
#SRC_IMAGE,0,2,310,800,48,36,1,1,0,0,0,0,0,,,,,,,,
#DST_IMAGE,0,800,572,605,48,36,0,255,255,255,255,0,0,0,0,800,0,1331,0,0,
#DST_IMAGE,0,1000,570,605,48,36,0,255,255,255,255,0,0,,,,,,,,
#DST_IMAGE,0,1200,568,605,48,36,0,255,255,255,255,0,0,,,,,,,,
#DST_IMAGE,0,1400,570,605,48,36,0,255,255,255,255,0,0,,,,,,,,
#DST_IMAGE,0,1600,572,605,48,36,0,255,255,255,255,0,0,,,,,,,,
#SRC_IMAGE,0,2,310,800,48,36,1,1,0,0,0,0,0,,,,,,,,
#DST_IMAGE,0,800,572,605,48,36,0,0,255,255,255,2,0,0,0,800,0,1331,0,0,
#DST_IMAGE,0,1000,570,605,48,36,0,128,255,255,255,2,0,,,,,,,,
#DST_IMAGE,0,1200,568,605,48,36,0,255,255,255,255,2,0,,,,,,,,
#DST_IMAGE,0,1400,570,605,48,36,0,128,255,255,255,2,0,,,,,,,,
#DST_IMAGE,0,1600,572,605,48,36,0,0,255,255,255,2,0,,,,,,,,
#SRC_IMAGE,0,2,310,800,48,36,1,1,0,0,0,0,0,,,,,,,,
#DST_IMAGE,0,800,572,659,48,36,0,255,255,255,255,0,0,0,0,800,0,1332,0,0,
#DST_IMAGE,0,1000,570,659,48,36,0,255,255,255,255,0,0,,,,,,,,
#DST_IMAGE,0,1200,568,659,48,36,0,255,255,255,255,0,0,,,,,,,,
#DST_IMAGE,0,1400,570,659,48,36,0,255,255,255,255,0,0,,,,,,,,
#DST_IMAGE,0,1600,572,659,48,36,0,255,255,255,255,0,0,,,,,,,,
#SRC_IMAGE,0,2,310,800,48,36,1,1,0,0,0,0,0,,,,,,,,
#DST_IMAGE,0,800,572,659,48,36,0,0,255,255,255,2,0,0,0,800,0,1332,0,0,
#DST_IMAGE,0,1000,570,659,48,36,0,128,255,255,255,2,0,,,,,,,,
#DST_IMAGE,0,1200,568,659,48,36,0,255,255,255,255,2,0,,,,,,,,
#DST_IMAGE,0,1400,570,659,48,36,0,128,255,255,255,2,0,,,,,,,,
#DST_IMAGE,0,1600,572,659,48,36,0,0,255,255,255,2,0,,,,,,,,
#ENDIF,,,,,,,,,,,,,,,,,,,,,
#IF,901,,,,,,,,,,,,,,,,,,,,
#SRC_IMAGE,0,2,550,0,548,360,1,1,0,0,0,0,0,,,,,,,,
#DST_IMAGE,0,0,1280,346,548,360,0,255,255,255,255,0,0,0,0,100,0,0,0,0,40
#DST_IMAGE,0,100,1330,346,548,360,0,255,255,255,255,0,0,0,0,,,,,,
#SRC_IMAGE,0,2,550,744,548,25,1,1,0,0,0,0,0,,,,,,,,
#DST_IMAGE,0,0,1272,353,548,25,0,255,255,255,255,0,0,0,0,100,0,0,0,0,
#DST_IMAGE,0,100,1322,353,548,25,0,255,255,255,255,0,0,0,0,,,,,,
#SRC_IMAGE,0,2,0,844,55,44,1,1,0,0,0,0,0,,,,,,,,
#DST_IMAGE,0,500,1696,332,55,44,0,0,255,255,255,1,0,0,0,800,0,196,0,0,
#DST_IMAGE,0,800,1696,332,55,44,0,255,255,255,255,1,0,,,,,,,,
#SRC_IMAGE,0,2,0,800,55,44,1,1,0,0,0,0,0,,,,,,,,
#DST_IMAGE,0,500,1696,332,55,44,0,0,255,255,255,1,0,0,0,800,0,197,0,0,
#DST_IMAGE,0,800,1696,332,55,44,0,255,255,255,255,1,0,,,,,,,,
#SRC_IMAGE,0,2,55,844,55,44,1,1,0,0,0,0,0,,,,,,,,
#DST_IMAGE,0,500,1751,332,55,44,0,0,255,255,255,1,0,0,0,800,0,1196,0,0,
#DST_IMAGE,0,800,1751,332,55,44,0,255,255,255,255,1,0,,,,,,,,
#SRC_IMAGE,0,2,55,800,55,44,1,1,0,0,0,0,0,,,,,,,,
#DST_IMAGE,0,500,1751,332,55,44,0,0,255,255,255,1,0,0,0,800,0,1197,0,0,
#DST_IMAGE,0,800,1751,332,55,44,0,255,255,255,255,1,0,,,,,,,,
#SRC_IMAGE,0,2,110,844,55,44,1,1,0,0,0,0,0,,,,,,,,
#DST_IMAGE,0,500,1806,332,55,44,0,0,255,255,255,1,0,0,0,800,0,1199,0,0,
#DST_IMAGE,0,800,1806,332,55,44,0,255,255,255,255,1,0,,,,,,,,
#SRC_IMAGE,0,2,110,800,55,44,1,1,0,0,0,0,0,,,,,,,,
#DST_IMAGE,0,500,1806,332,55,44,0,0,255,255,255,1,0,0,0,800,0,1200,0,0,
#DST_IMAGE,0,800,1806,332,55,44,0,255,255,255,255,1,0,,,,,,,,
#SRC_IMAGE,0,2,165,844,55,44,1,1,0,0,0,0,0,,,,,,,,
#DST_IMAGE,0,500,1861,332,55,44,0,0,255,255,255,1,0,0,0,800,0,1202,0,0,
#DST_IMAGE,0,800,1861,332,55,44,0,255,255,255,255,1,0,,,,,,,,
#SRC_IMAGE,0,2,165,800,55,44,1,1,0,0,0,0,0,,,,,,,,
#DST_IMAGE,0,500,1861,332,55,44,0,0,255,255,255,1,0,0,0,800,0,1203,0,0,
#DST_IMAGE,0,800,1861,332,55,44,0,255,255,255,255,1,0,,,,,,,,
#SRC_IMAGE,0,2,550,696,538,48,1,1,0,0,0,0,0,,,,,,,,
#DST_IMAGE,0,100,1336,382,538,48,0,0,255,255,255,1,0,0,0,150,0,0,0,0,40
#DST_IMAGE,0,150,1336,382,538,48,0,255,255,255,255,1,0,0,0,,,,,,
#SRC_IMAGE,0,2,550,360,538,48,1,1,0,0,0,0,0,,,,,,,,
#DST_IMAGE,0,100,1336,382,538,48,0,0,255,255,255,1,0,0,0,150,0,0,0,0,
#DST_IMAGE,0,150,1336,382,538,48,0,255,255,255,255,1,0,0,0,,,,,,
#SRC_IMAGE,0,2,1100,0,6,54,1,1,0,0,0,0,0,,,,,,,,
#DST_IMAGE,0,100,1498,391,6,54,0,0,255,255,255,1,0,0,0,150,0,0,0,0,
#DST_IMAGE,0,150,1498,391,6,54,0,255,255,255,255,1,0,0,0,,,,,,
#SRC_IMAGE,0,2,550,696,538,48,1,1,0,0,0,0,0,,,,,,,,
#DST_IMAGE,0,100,1336,382,538,48,0,0,255,255,255,2,0,0,0,-1,0,0,0,0,
#DST_IMAGE,0,150,1336,382,538,48,0,255,255,255,255,2,0,0,0,,,,,,
#DST_IMAGE,0,200,1336,382,538,48,0,0,255,255,255,2,0,0,0,,,,,,
#SRC_IMAGE,0,2,550,696,538,48,1,1,0,0,0,0,0,,,,,,,,
#DST_IMAGE,0,150,1336,436,538,48,0,0,255,255,255,1,0,0,0,200,0,0,0,0,40
#DST_IMAGE,0,200,1336,436,538,48,0,255,255,255,255,1,0,0,0,,,,,,
#SRC_IMAGE,0,2,550,408,538,48,1,1,0,0,0,0,0,,,,,,,,
#DST_IMAGE,0,150,1336,438,538,48,0,0,255,255,255,1,0,0,0,200,0,0,0,0,
#DST_IMAGE,0,200,1336,438,538,48,0,255,255,255,255,1,0,0,0,,,,,,
#SRC_IMAGE,0,2,1100,0,6,54,1,1,0,0,0,0,0,,,,,,,,
#DST_IMAGE,0,150,1498,445,6,54,0,0,255,255,255,1,0,0,0,200,0,0,0,0,
#DST_IMAGE,0,200,1498,445,6,54,0,255,255,255,255,1,0,0,0,,,,,,
#SRC_IMAGE,0,2,550,696,538,48,1,1,0,0,0,0,0,,,,,,,,
#DST_IMAGE,0,150,1336,436,538,48,0,0,255,255,255,2,0,0,0,-1,0,0,0,0,
#DST_IMAGE,0,200,1336,436,538,48,0,255,255,255,255,2,0,0,0,,,,,,
#DST_IMAGE,0,250,1336,436,538,48,0,0,255,255,255,2,0,0,0,,,,,,
#SRC_IMAGE,0,2,550,696,538,48,1,1,0,0,0,0,0,,,,,,,,
#DST_IMAGE,0,200,1336,490,538,48,0,0,255,255,255,1,0,0,0,250,0,0,0,0,40
#DST_IMAGE,0,250,1336,490,538,48,0,255,255,255,255,1,0,0,0,,,,,,
#SRC_IMAGE,0,2,550,456,538,48,1,1,0,0,0,0,0,,,,,,,,
#DST_IMAGE,0,200,1336,492,538,48,0,0,255,255,255,1,0,0,0,250,0,0,0,0,
#DST_IMAGE,0,250,1336,492,538,48,0,255,255,255,255,1,0,0,0,,,,,,
#SRC_IMAGE,0,2,1100,0,6,54,1,1,0,0,0,0,0,,,,,,,,
#DST_IMAGE,0,200,1498,499,6,54,0,0,255,255,255,1,0,0,0,250,0,0,0,0,
#DST_IMAGE,0,250,1498,499,6,54,0,255,255,255,255,1,0,0,0,,,,,,
#SRC_IMAGE,0,2,550,696,538,48,1,1,0,0,0,0,0,,,,,,,,
#DST_IMAGE,0,200,1336,490,538,48,0,0,255,255,255,2,0,0,0,-1,0,0,0,0,
#DST_IMAGE,0,250,1336,490,538,48,0,255,255,255,255,2,0,0,0,,,,,,
#DST_IMAGE,0,300,1336,490,538,48,0,0,255,255,255,2,0,0,0,,,,,,
#SRC_IMAGE,0,2,550,696,538,48,1,1,0,0,0,0,0,,,,,,,,
#DST_IMAGE,0,250,1336,544,538,48,0,0,255,255,255,1,0,0,0,300,0,0,0,0,40
#DST_IMAGE,0,300,1336,544,538,48,0,255,255,255,255,1,0,0,0,,,,,,
#SRC_IMAGE,0,2,550,504,538,48,1,1,0,0,0,0,0,,,,,,,,
#DST_IMAGE,0,250,1336,546,538,48,0,0,255,255,255,1,0,0,0,300,0,0,0,0,
#DST_IMAGE,0,300,1336,546,538,48,0,255,255,255,255,1,0,0,0,,,,,,
#SRC_IMAGE,0,2,1100,0,6,54,1,1,0,0,0,0,0,,,,,,,,
#DST_IMAGE,0,250,1498,553,6,54,0,0,255,255,255,1,0,0,0,300,0,0,0,0,
#DST_IMAGE,0,300,1498,553,6,54,0,255,255,255,255,1,0,0,0,,,,,,
#SRC_IMAGE,0,2,550,696,538,48,1,1,0,0,0,0,0,,,,,,,,
#DST_IMAGE,0,250,1336,544,538,48,0,0,255,255,255,2,0,0,0,-1,0,0,0,0,
#DST_IMAGE,0,300,1336,544,538,48,0,255,255,255,255,2,0,0,0,,,,,,
#DST_IMAGE,0,350,1336,544,538,48,0,0,255,255,255,2,0,0,0,,,,,,
#SRC_IMAGE,0,2,550,696,538,48,1,1,0,0,0,0,0,,,,,,,,
#DST_IMAGE,0,300,1336,598,538,48,0,0,255,255,255,1,0,0,0,350,0,0,0,0,40
#DST_IMAGE,0,350,1336,598,538,48,0,255,255,255,255,1,0,0,0,,,,,,
#SRC_IMAGE,0,2,550,552,538,48,1,1,0,0,0,0,0,,,,,,,,
#DST_IMAGE,0,300,1336,600,538,48,0,0,255,255,255,1,0,0,0,350,0,0,0,0,
#DST_IMAGE,0,350,1336,600,538,48,0,255,255,255,255,1,0,0,0,,,,,,
#SRC_IMAGE,0,2,1100,0,6,54,1,1,0,0,0,0,0,,,,,,,,
#DST_IMAGE,0,300,1498,607,6,54,0,0,255,255,255,1,0,0,0,350,0,0,0,0,
#DST_IMAGE,0,350,1498,607,6,54,0,255,255,255,255,1,0,0,0,,,,,,
#SRC_IMAGE,0,2,550,696,538,48,1,1,0,0,0,0,0,,,,,,,,
#DST_IMAGE,0,300,1336,598,538,48,0,0,255,255,255,2,0,0,0,-1,0,0,0,0,
#DST_IMAGE,0,350,1336,598,538,48,0,255,255,255,255,2,0,0,0,,,,,,
#DST_IMAGE,0,400,1336,598,538,48,0,0,255,255,255,2,0,0,0,,,,,,
#SRC_IMAGE,0,2,550,696,538,48,1,1,0,0,0,0,0,,,,,,,,
#DST_IMAGE,0,350,1336,652,538,48,0,0,255,255,255,1,0,0,0,400,0,0,0,0,40
#DST_IMAGE,0,400,1336,652,538,48,0,255,255,255,255,1,0,0,0,,,,,,
#SRC_IMAGE,0,2,550,600,538,48,1,1,0,0,0,0,0,,,,,,,,
#DST_IMAGE,0,350,1336,654,538,48,0,0,255,255,255,1,0,0,0,400,0,0,0,0,
#DST_IMAGE,0,400,1336,654,538,48,0,255,255,255,255,1,0,0,0,,,,,,
#SRC_IMAGE,0,2,1100,0,6,54,1,1,0,0,0,0,0,,,,,,,,
#DST_IMAGE,0,350,1498,661,6,54,0,0,255,255,255,1,0,0,0,400,0,0,0,0,
#DST_IMAGE,0,400,1498,661,6,54,0,255,255,255,255,1,0,0,0,,,,,,
#SRC_IMAGE,0,2,550,696,538,48,1,1,0,0,0,0,0,,,,,,,,
#DST_IMAGE,0,350,1336,652,538,48,0,0,255,255,255,2,0,0,0,-1,0,0,0,0,
#DST_IMAGE,0,400,1336,652,538,48,0,255,255,255,255,2,0,0,0,,,,,,
#DST_IMAGE,0,450,1336,652,538,48,0,0,255,255,255,2,0,0,0,,,,,,
#SRC_IMAGE,0,2,230,880,150,40,1,1,0,0,0,0,0,,,,,,,,
#DST_IMAGE,0,600,1508,441,150,40,0,255,255,255,255,2,0,0,0,1000,0,!335,0,0,
#DST_IMAGE,0,1000,1508,441,150,40,0,255,255,255,255,2,0,,,,,,,,
#DST_IMAGE,0,1050,1508,441,150,40,0,100,255,255,255,1,0,,,,,,,,
#DST_IMAGE,0,1100,1508,441,150,40,0,255,255,255,255,1,0,,,,,,,,
#SRC_IMAGE,0,2,230,880,150,40,1,1,0,0,0,0,0,,,,,,,,
#DST_IMAGE,0,800,1508,495,150,40,0,255,255,255,255,1,0,0,0,800,0,!330,0,0,
#DST_IMAGE,0,850,1508,495,150,40,0,100,255,255,255,1,0,,,,,,,,
#DST_IMAGE,0,900,1508,495,150,40,0,255,255,255,255,1,0,,,,,,,,
#SRC_IMAGE,0,2,230,880,150,40,1,1,0,0,0,0,0,,,,,,,,
#DST_IMAGE,0,800,1508,549,150,40,0,255,255,255,255,1,0,0,0,800,0,!330,0,0,
#DST_IMAGE,0,850,1508,549,150,40,0,100,255,255,255,1,0,,,,,,,,
#DST_IMAGE,0,900,1508,549,150,40,0,255,255,255,255,1,0,,,,,,,,
#SRC_IMAGE,0,2,230,880,150,40,1,1,0,0,0,0,0,,,,,,,,
#DST_IMAGE,0,800,1508,603,150,40,0,255,255,255,255,1,0,0,0,800,0,!331,0,0,
#DST_IMAGE,0,850,1508,603,150,40,0,100,255,255,255,1,0,,,,,,,,
#DST_IMAGE,0,900,1508,603,150,40,0,255,255,255,255,1,0,,,,,,,,
#SRC_IMAGE,0,2,230,880,150,40,1,1,0,0,0,0,0,,,,,,,,
#DST_IMAGE,0,800,1508,657,150,40,0,255,255,255,255,1,0,0,0,800,0,!332,0,0,
#DST_IMAGE,0,850,1508,657,150,40,0,100,255,255,255,1,0,,,,,,,,
#DST_IMAGE,0,900,1508,657,150,40,0,255,255,255,255,1,0,,,,,,,,
#SRC_IMAGE,0,2,230,880,150,40,1,1,0,0,0,0,0,,,,,,,,
#DST_IMAGE,0,800,1344,441,150,40,0,255,255,255,255,1,0,0,0,800,0,335,0,0,
#DST_IMAGE,0,850,1344,441,150,40,0,100,255,255,255,1,0,,,,,,,,
#DST_IMAGE,0,900,1344,441,150,40,0,255,255,255,255,1,0,,,,,,,,
#SRC_IMAGE,0,2,230,880,150,40,1,1,0,0,0,0,0,,,,,,,,
#DST_IMAGE,0,800,1344,495,150,40,0,255,255,255,255,1,0,0,0,800,0,330,0,0,
#DST_IMAGE,0,850,1344,495,150,40,0,100,255,255,255,1,0,,,,,,,,
#DST_IMAGE,0,900,1344,495,150,40,0,255,255,255,255,1,0,,,,,,,,
#SRC_IMAGE,0,2,230,880,150,40,1,1,0,0,0,0,0,,,,,,,,
#DST_IMAGE,0,800,1344,549,150,40,0,255,255,255,255,1,0,0,0,800,0,330,0,0,
#DST_IMAGE,0,850,1344,549,150,40,0,100,255,255,255,1,0,,,,,,,,
#DST_IMAGE,0,900,1344,549,150,40,0,255,255,255,255,1,0,,,,,,,,
#SRC_IMAGE,0,2,230,880,150,40,1,1,0,0,0,0,0,,,,,,,,
#DST_IMAGE,0,800,1344,603,150,40,0,255,255,255,255,1,0,0,0,800,0,331,0,0,
#DST_IMAGE,0,850,1344,603,150,40,0,100,255,255,255,1,0,,,,,,,,
#DST_IMAGE,0,900,1344,603,150,40,0,255,255,255,255,1,0,,,,,,,,
#SRC_IMAGE,0,2,230,880,150,40,1,1,0,0,0,0,0,,,,,,,,
#DST_IMAGE,0,800,1344,657,150,40,0,255,255,255,255,1,0,0,0,800,0,332,0,0,
#DST_IMAGE,0,850,1344,657,150,40,0,100,255,255,255,1,0,,,,,,,,
#DST_IMAGE,0,900,1344,657,150,40,0,255,255,255,255,1,0,,,,,,,,
#SRC_IMAGE,0,2,380,800,146,146,1,1,0,0,0,0,0,,,,,,,,
#DST_IMAGE,0,800,1585,460,0,0,0,0,255,255,255,2,0,0,0,-1,0,!335,0,0,
#DST_IMAGE,0,1000,1512,387,146,146,0,200,255,255,255,2,0,,,,,,,,
#DST_IMAGE,0,1200,1512,387,146,146,0,0,255,255,255,2,0,,,,,,,,
#SRC_IMAGE,0,2,380,800,146,146,1,1,0,0,0,0,0,,,,,,,,
#DST_IMAGE,0,900,1585,460,0,0,0,0,255,255,255,2,0,0,0,-1,0,!335,0,0,
#DST_IMAGE,0,1100,1512,387,146,146,0,200,255,255,255,2,0,,,,,,,,
#DST_IMAGE,0,1300,1512,387,146,146,0,0,255,255,255,2,0,,,,,,,,
#SRC_IMAGE,0,2,380,800,146,146,1,1,0,0,0,0,0,,,,,,,,
#DST_IMAGE,0,800,1585,514,0,0,0,0,255,255,255,2,0,0,0,-1,0,!330,0,0,
#DST_IMAGE,0,1000,1512,441,146,146,0,200,255,255,255,2,0,,,,,,,,
#DST_IMAGE,0,1200,1512,441,146,146,0,0,255,255,255,2,0,,,,,,,,
#SRC_IMAGE,0,2,380,800,146,146,1,1,0,0,0,0,0,,,,,,,,
#DST_IMAGE,0,900,1585,514,0,0,0,0,255,255,255,2,0,0,0,-1,0,!330,0,0,
#DST_IMAGE,0,1100,1512,441,146,146,0,200,255,255,255,2,0,,,,,,,,
#DST_IMAGE,0,1300,1512,441,146,146,0,0,255,255,255,2,0,,,,,,,,
#SRC_IMAGE,0,2,380,800,146,146,1,1,0,0,0,0,0,,,,,,,,
#DST_IMAGE,0,800,1585,568,0,0,0,0,255,255,255,2,0,0,0,-1,0,!330,0,0,
#DST_IMAGE,0,1000,1512,495,146,146,0,200,255,255,255,2,0,,,,,,,,
#DST_IMAGE,0,1200,1512,495,146,146,0,0,255,255,255,2,0,,,,,,,,
#SRC_IMAGE,0,2,380,800,146,146,1,1,0,0,0,0,0,,,,,,,,
#DST_IMAGE,0,900,1585,568,0,0,0,0,255,255,255,2,0,0,0,-1,0,!330,0,0,
#DST_IMAGE,0,1100,1512,495,146,146,0,200,255,255,255,2,0,,,,,,,,
#DST_IMAGE,0,1300,1512,495,146,146,0,0,255,255,255,2,0,,,,,,,,
#SRC_IMAGE,0,2,380,800,146,146,1,1,0,0,0,0,0,,,,,,,,
#DST_IMAGE,0,800,1585,622,0,0,0,0,255,255,255,2,0,0,0,-1,0,!331,0,0,
#DST_IMAGE,0,1000,1512,549,146,146,0,200,255,255,255,2,0,,,,,,,,
#DST_IMAGE,0,1200,1512,549,146,146,0,0,255,255,255,2,0,,,,,,,,
#SRC_IMAGE,0,2,380,800,146,146,1,1,0,0,0,0,0,,,,,,,,
#DST_IMAGE,0,900,1585,622,0,0,0,0,255,255,255,2,0,0,0,-1,0,!331,0,0,
#DST_IMAGE,0,1100,1512,549,146,146,0,200,255,255,255,2,0,,,,,,,,
#DST_IMAGE,0,1300,1512,549,146,146,0,0,255,255,255,2,0,,,,,,,,
#SRC_IMAGE,0,2,380,800,146,146,1,1,0,0,0,0,0,,,,,,,,
#DST_IMAGE,0,800,1585,676,0,0,0,0,255,255,255,2,0,0,0,-1,0,!332,0,0,
#DST_IMAGE,0,1000,1512,603,146,146,0,200,255,255,255,2,0,,,,,,,,
#DST_IMAGE,0,1200,1512,603,146,146,0,0,255,255,255,2,0,,,,,,,,
#SRC_IMAGE,0,2,380,800,146,146,1,1,0,0,0,0,0,,,,,,,,
#DST_IMAGE,0,900,1585,676,0,0,0,0,255,255,255,2,0,0,0,-1,0,!332,0,0,
#DST_IMAGE,0,1100,1512,603,146,146,0,200,255,255,255,2,0,,,,,,,,
#DST_IMAGE,0,1300,1512,603,146,146,0,0,255,255,255,2,0,,,,,,,,
#SRC_IMAGE,0,2,380,800,146,146,1,1,0,0,0,0,0,,,,,,,,
#DST_IMAGE,0,800,1421,460,0,0,0,0,255,255,255,2,0,0,0,-1,0,355,0,0,
#DST_IMAGE,0,1000,1348,387,146,146,0,200,255,255,255,2,0,,,,,,,,
#DST_IMAGE,0,1200,1348,387,146,146,0,0,255,255,255,2,0,,,,,,,,
#SRC_IMAGE,0,2,380,800,146,146,1,1,0,0,0,0,0,,,,,,,,
#DST_IMAGE,0,900,1421,460,0,0,0,0,255,255,255,2,0,0,0,-1,0,335,0,0,
#DST_IMAGE,0,1100,1348,387,146,146,0,200,255,255,255,2,0,,,,,,,,
#DST_IMAGE,0,1300,1348,387,146,146,0,0,255,255,255,2,0,,,,,,,,
#SRC_IMAGE,0,2,380,800,146,146,1,1,0,0,0,0,0,,,,,,,,
#DST_IMAGE,0,800,1421,514,0,0,0,0,255,255,255,2,0,0,0,-1,0,330,0,0,
#DST_IMAGE,0,1000,1348,441,146,146,0,200,255,255,255,2,0,,,,,,,,
#DST_IMAGE,0,1200,1348,441,146,146,0,0,255,255,255,2,0,,,,,,,,
#SRC_IMAGE,0,2,380,800,146,146,1,1,0,0,0,0,0,,,,,,,,
#DST_IMAGE,0,900,1421,514,0,0,0,0,255,255,255,2,0,0,0,-1,0,330,0,0,
#DST_IMAGE,0,1100,1348,441,146,146,0,200,255,255,255,2,0,,,,,,,,
#DST_IMAGE,0,1300,1348,441,146,146,0,0,255,255,255,2,0,,,,,,,,
#SRC_IMAGE,0,2,380,800,146,146,1,1,0,0,0,0,0,,,,,,,,
#DST_IMAGE,0,800,1421,568,0,0,0,0,255,255,255,2,0,0,0,-1,0,330,0,0,
#DST_IMAGE,0,1000,1348,495,146,146,0,200,255,255,255,2,0,,,,,,,,
#DST_IMAGE,0,1200,1348,495,146,146,0,0,255,255,255,2,0,,,,,,,,
#SRC_IMAGE,0,2,380,800,146,146,1,1,0,0,0,0,0,,,,,,,,
#DST_IMAGE,0,900,1421,568,0,0,0,0,255,255,255,2,0,0,0,-1,0,330,0,0,
#DST_IMAGE,0,1100,1348,495,146,146,0,200,255,255,255,2,0,,,,,,,,
#DST_IMAGE,0,1300,1348,495,146,146,0,0,255,255,255,2,0,,,,,,,,
#SRC_IMAGE,0,2,380,800,146,146,1,1,0,0,0,0,0,,,,,,,,
#DST_IMAGE,0,800,1421,622,0,0,0,0,255,255,255,2,0,0,0,-1,0,331,0,0,
#DST_IMAGE,0,1000,1348,549,146,146,0,200,255,255,255,2,0,,,,,,,,
#DST_IMAGE,0,1200,1348,549,146,146,0,0,255,255,255,2,0,,,,,,,,
#SRC_IMAGE,0,2,380,800,146,146,1,1,0,0,0,0,0,,,,,,,,
#DST_IMAGE,0,900,1421,622,0,0,0,0,255,255,255,2,0,0,0,-1,0,331,0,0,
#DST_IMAGE,0,1100,1348,549,146,146,0,200,255,255,255,2,0,,,,,,,,
#DST_IMAGE,0,1300,1348,549,146,146,0,0,255,255,255,2,0,,,,,,,,
#SRC_IMAGE,0,2,380,800,146,146,1,1,0,0,0,0,0,,,,,,,,
#DST_IMAGE,0,800,1421,676,0,0,0,0,255,255,255,2,0,0,0,-1,0,332,0,0,
#DST_IMAGE,0,1000,1348,603,146,146,0,200,255,255,255,2,0,,,,,,,,
#DST_IMAGE,0,1200,1348,603,146,146,0,0,255,255,255,2,0,,,,,,,,
#SRC_IMAGE,0,2,380,800,146,146,1,1,0,0,0,0,0,,,,,,,,
#DST_IMAGE,0,900,1421,676,0,0,0,0,255,255,255,2,0,0,0,-1,0,332,0,0,
#DST_IMAGE,0,1100,1348,603,146,146,0,200,255,255,255,2,0,,,,,,,,
#DST_IMAGE,0,1300,1348,603,146,146,0,0,255,255,255,2,0,,,,,,,,
#SRC_BUTTON,0,2,1150,0,822,286,6,11,192,0,370,0,0,0,11,,,,,,
#DST_BUTTON,0,1000,1514,392,137,26,0,0,255,255,255,1,0,0,0,1300,0,0,0,0,
#DST_BUTTON,0,1300,1514,392,137,26,0,255,255,255,255,1,0,0,0,,,,,,
#SRC_BUTTON,0,2,1150,0,822,286,6,11,192,0,371,0,0,0,11,,,,,,
#DST_BUTTON,0,1000,1351,392,137,26,0,0,255,255,255,1,0,0,0,1300,0,0,0,0,
#DST_BUTTON,0,1300,1351,392,137,26,0,255,255,255,255,1,0,0,0,,,,,,
#SRC_IMAGE,0,2,1150,550,92,32,1,1,0,0,0,0,0,,,,,,,,
#DST_IMAGE,0,1000,1533,445,92,32,0,0,255,255,255,1,0,0,0,1300,0,340,0,0,
#DST_IMAGE,0,1300,1533,445,92,32,0,255,255,255,255,1,0,,,,,,,,
#SRC_IMAGE,0,2,1150,582,92,32,1,1,0,0,0,0,0,,,,,,,,
#DST_IMAGE,0,1000,1533,445,92,32,0,0,255,255,255,1,0,0,0,1300,0,341,0,0,
#DST_IMAGE,0,1300,1533,445,92,32,0,255,255,255,255,1,0,,,,,,,,
#SRC_IMAGE,0,2,1150,614,92,32,1,1,0,0,0,0,0,,,,,,,,
#DST_IMAGE,0,1000,1533,445,92,32,0,0,255,255,255,1,0,0,0,1300,0,342,0,0,
#DST_IMAGE,0,1300,1533,445,92,32,0,255,255,255,255,1,0,,,,,,,,
#SRC_IMAGE,0,2,1150,646,92,32,1,1,0,0,0,0,0,,,,,,,,
#DST_IMAGE,0,1000,1533,445,92,32,0,0,255,255,255,1,0,0,0,1300,0,343,0,0,
#DST_IMAGE,0,1300,1533,445,92,32,0,255,255,255,255,1,0,,,,,,,,
#SRC_IMAGE,0,2,1150,678,92,32,1,1,0,0,0,0,0,,,,,,,,
#DST_IMAGE,0,1000,1533,445,92,32,0,0,255,255,255,1,0,0,0,1300,0,344,0,0,
#DST_IMAGE,0,1300,1533,445,92,32,0,255,255,255,255,1,0,,,,,,,,
#SRC_IMAGE,0,2,1150,710,92,32,1,1,0,0,0,0,0,,,,,,,,
#DST_IMAGE,0,1000,1533,445,92,32,0,0,255,255,255,1,0,0,0,1300,0,345,0,0,
#DST_IMAGE,0,1300,1533,445,92,32,0,255,255,255,255,1,0,,,,,,,,
#SRC_IMAGE,0,2,1150,742,92,32,1,1,0,0,0,0,0,,,,,,,,
#DST_IMAGE,0,1000,1533,445,92,32,0,0,255,255,255,1,0,0,0,1300,0,346,0,0,
#DST_IMAGE,0,1300,1533,445,92,32,0,255,255,255,255,1,0,,,,,,,,
#SRC_IMAGE,0,2,1150,774,92,32,1,1,0,0,0,0,0,,,,,,,,
#DST_IMAGE,0,1000,1533,445,92,32,0,0,255,255,255,1,0,0,0,1300,0,347,0,0,
#DST_IMAGE,0,1300,1533,445,92,32,0,255,255,255,255,1,0,,,,,,,,
#SRC_IMAGE,0,2,1150,550,92,32,1,1,0,0,0,0,0,,,,,,,,
#DST_IMAGE,0,1000,1369,445,92,32,0,0,255,255,255,1,0,0,0,1300,0,320,0,0,
#DST_IMAGE,0,1300,1369,445,92,32,0,255,255,255,255,1,0,,,,,,,,
#SRC_IMAGE,0,2,1150,582,92,32,1,1,0,0,0,0,0,,,,,,,,
#DST_IMAGE,0,1000,1369,445,92,32,0,0,255,255,255,1,0,0,0,1300,0,321,0,0,
#DST_IMAGE,0,1300,1369,445,92,32,0,255,255,255,255,1,0,,,,,,,,
#SRC_IMAGE,0,2,1150,614,92,32,1,1,0,0,0,0,0,,,,,,,,
#DST_IMAGE,0,1000,1369,445,92,32,0,0,255,255,255,1,0,0,0,1300,0,322,0,0,
#DST_IMAGE,0,1300,1369,445,92,32,0,255,255,255,255,1,0,,,,,,,,
#SRC_IMAGE,0,2,1150,646,92,32,1,1,0,0,0,0,0,,,,,,,,
#DST_IMAGE,0,1000,1369,445,92,32,0,0,255,255,255,1,0,0,0,1300,0,323,0,0,
#DST_IMAGE,0,1300,1369,445,92,32,0,255,255,255,255,1,0,,,,,,,,
#SRC_IMAGE,0,2,1150,678,92,32,1,1,0,0,0,0,0,,,,,,,,
#DST_IMAGE,0,1000,1369,445,92,32,0,0,255,255,255,1,0,0,0,1300,0,324,0,0,
#DST_IMAGE,0,1300,1369,445,92,32,0,255,255,255,255,1,0,,,,,,,,
#SRC_IMAGE,0,2,1150,710,92,32,1,1,0,0,0,0,0,,,,,,,,
#DST_IMAGE,0,1000,1369,445,92,32,0,0,255,255,255,1,0,0,0,1300,0,325,0,0,
#DST_IMAGE,0,1300,1369,445,92,32,0,255,255,255,255,1,0,,,,,,,,
#SRC_IMAGE,0,2,1150,742,92,32,1,1,0,0,0,0,0,,,,,,,,
#DST_IMAGE,0,1000,1369,445,92,32,0,0,255,255,255,1,0,0,0,1300,0,326,0,0,
#DST_IMAGE,0,1300,1369,445,92,32,0,255,255,255,255,1,0,,,,,,,,
#SRC_IMAGE,0,2,1150,774,92,32,1,1,0,0,0,0,0,,,,,,,,
#DST_IMAGE,0,1000,1369,445,92,32,0,0,255,255,255,1,0,0,0,1300,0,327,0,0,
#DST_IMAGE,0,1300,1369,445,92,32,0,255,255,255,255,1,0,,,,,,,,
#SRC_NUMBER,0,2,1486,378,240,46,12,2,0,0,154,0,4,,,,,,,,
#DST_NUMBER,0,1000,1196,448,20,23,0,0,255,255,255,1,0,0,0,1300,0,0,0,0,
#DST_NUMBER,0,1300,1196,448,20,23,0,255,255,255,255,1,0,0,0,,,,,,
#SRC_NUMBER,0,2,1150,482,230,29,10,1,0,0,157,0,3,,,,,,,,
#DST_NUMBER,0,1000,1534,718,23,29,0,0,255,255,255,1,0,0,0,1300,0,0,0,0,
#DST_NUMBER,0,1300,1534,718,23,29,0,255,255,255,255,1,0,0,0,,,,,,
#SRC_IMAGE,0,2,1381,482,27,29,1,1,0,0,0,0,0,,,,,,,,
#DST_IMAGE,0,1000,1603,718,27,29,0,0,255,255,255,1,0,0,0,1300,0,0,0,0,
#DST_IMAGE,0,1300,1603,718,27,29,0,255,255,255,255,1,0,,,,,,,,
#SRC_NUMBER,0,2,1150,300,308,26,11,1,0,0,151,0,4,,,,,,,,
#DST_NUMBER,0,1000,1360,721,28,26,0,0,255,255,255,1,0,0,0,1300,0,0,0,0,
#DST_NUMBER,0,1300,1360,721,28,26,0,255,255,255,255,1,0,0,0,,,,,,
#SRC_NUMBER,0,2,1486,378,240,46,12,2,0,0,153,0,4,,,,,,,,
#DST_NUMBER,0,1000,1196,721,20,23,0,0,255,255,255,1,0,0,0,1300,0,0,0,0,
#DST_NUMBER,0,1300,1196,721,20,23,0,255,255,255,255,1,0,0,0,,,,,,
#SRC_NUMBER,0,2,1150,300,308,26,11,1,0,0,102,0,2,,,,,,,,
#DST_NUMBER,0,1000,1526,502,28,26,0,0,255,255,255,1,0,0,0,1300,0,0,0,0,
#DST_NUMBER,0,1300,1526,502,28,26,0,255,255,255,255,1,0,0,0,,,,,,
#SRC_IMAGE,0,2,1766,300,9,26,1,1,0,0,0,0,0,,,,,,,,
#DST_IMAGE,0,1000,1582,502,9,26,0,0,255,255,255,1,0,0,0,1300,0,0,0,0,
#DST_IMAGE,0,1300,1582,502,9,26,0,255,255,255,255,1,0,,,,,,,,
#SRC_NUMBER,0,2,1458,300,308,26,11,1,0,0,103,0,2,,,,,,,,
#DST_NUMBER,0,1000,1591,502,28,26,0,0,255,255,255,1,0,0,0,1300,0,0,0,0,
#DST_NUMBER,0,1300,1591,502,28,26,0,255,255,255,255,1,0,0,0,,,,,,
#SRC_NUMBER,0,2,1150,300,308,26,11,1,0,0,71,0,5,,,,,,,,
#DST_NUMBER,0,1000,1517,556,28,26,0,0,255,255,255,1,0,0,0,1300,0,0,0,0,
#DST_NUMBER,0,1300,1517,556,28,26,0,255,255,255,255,1,0,0,0,,,,,,
#SRC_NUMBER,0,2,1150,300,308,26,11,1,0,0,75,0,4,,,,,,,,
#DST_NUMBER,0,1000,1531,610,28,26,0,0,255,255,255,1,0,0,0,1300,0,0,0,0,
#DST_NUMBER,0,1300,1531,610,28,26,0,255,255,255,255,1,0,0,0,,,,,,
#SRC_NUMBER,0,2,1150,300,308,26,11,1,0,0,76,0,4,,,,,,,,
#DST_NUMBER,0,1000,1531,664,28,26,0,0,255,255,255,1,0,0,0,1300,0,0,0,0,
#DST_NUMBER,0,1300,1531,664,28,26,0,255,255,255,255,1,0,0,0,,,,,,
#SRC_NUMBER,0,2,1150,300,308,26,11,1,0,0,183,0,2,,,,,,,,
#DST_NUMBER,0,1000,1359,502,28,26,0,0,255,255,255,1,0,0,0,1300,0,0,0,0,
#DST_NUMBER,0,1300,1359,502,28,26,0,255,255,255,255,1,0,0,0,,,,,,
#SRC_IMAGE,0,2,1766,300,9,26,1,1,0,0,0,0,0,,,,,,,,
#DST_IMAGE,0,1000,1415,502,9,26,0,0,255,255,255,1,0,0,0,1300,0,0,0,0,
#DST_IMAGE,0,1300,1415,502,9,26,0,255,255,255,255,1,0,,,,,,,,
#SRC_NUMBER,0,2,1458,300,308,26,11,1,0,0,184,0,2,,,,,,,,
#DST_NUMBER,0,1000,1424,502,28,26,0,0,255,255,255,1,0,0,0,1300,0,0,0,0,
#DST_NUMBER,0,1300,1424,502,28,26,0,255,255,255,255,1,0,0,0,,,,,,
#SRC_NUMBER,0,2,1150,300,308,26,11,1,0,0,150,0,5,,,,,,,,
#DST_NUMBER,0,1000,1349,556,28,26,0,0,255,255,255,1,0,0,0,1300,0,0,0,0,
#DST_NUMBER,0,1300,1349,556,28,26,0,255,255,255,255,1,0,0,0,,,,,,
#SRC_NUMBER,0,2,1150,300,308,26,11,1,0,0,173,0,4,,,,,,,,
#DST_NUMBER,0,1000,1363,610,28,26,0,0,255,255,255,1,0,0,0,1300,0,0,0,0,
#DST_NUMBER,0,1300,1363,610,28,26,0,255,255,255,255,1,0,0,0,,,,,,
#SRC_NUMBER,0,2,1150,300,308,26,11,1,0,0,176,0,4,,,,,,,,
#DST_NUMBER,0,1000,1363,664,28,26,0,0,255,255,255,1,0,0,0,1300,0,0,0,0,
#DST_NUMBER,0,1300,1363,664,28,26,0,255,255,255,255,1,0,0,0,,,,,,
#SRC_NUMBER,0,2,1486,378,240,46,12,2,0,0,172,0,4,,,,,,,,
#DST_NUMBER,0,1000,1196,556,20,23,0,0,255,255,255,1,0,0,0,1300,0,0,0,0,
#DST_NUMBER,0,1300,1196,556,20,23,0,255,255,255,255,1,0,0,0,,,,,,
#SRC_NUMBER,0,2,1486,378,240,46,12,2,0,0,175,0,4,,,,,,,,
#DST_NUMBER,0,1000,1196,610,20,23,0,0,255,255,255,1,0,0,0,1300,0,0,0,0,
#DST_NUMBER,0,1300,1196,610,20,23,0,255,255,255,255,1,0,0,0,,,,,,
#SRC_NUMBER,0,2,1486,378,240,46,12,2,0,0,178,0,4,,,,,,,,
#DST_NUMBER,0,1000,1196,664,20,23,0,0,255,255,255,1,0,0,0,1300,0,0,0,0,
#DST_NUMBER,0,1300,1196,664,20,23,0,255,255,255,255,1,0,0,0,,,,,,
#SRC_IMAGE,0,2,230,800,36,48,1,1,0,0,0,0,0,,,,,,,,
#DST_IMAGE,0,800,1310,434,36,48,0,255,255,255,255,0,0,0,0,800,0,335,0,0,
#DST_IMAGE,0,1000,1310,435,36,48,0,255,255,255,255,0,0,,,,,,,,
#DST_IMAGE,0,1200,1310,436,36,48,0,255,255,255,255,0,0,,,,,,,,
#DST_IMAGE,0,1400,1310,435,36,48,0,255,255,255,255,0,0,,,,,,,,
#DST_IMAGE,0,1600,1310,434,36,48,0,255,255,255,255,0,0,,,,,,,,
#SRC_IMAGE,0,2,230,800,36,48,1,1,0,0,0,0,0,,,,,,,,
#DST_IMAGE,0,800,1310,434,36,48,0,0,255,255,255,2,0,0,0,800,0,335,0,0,
#DST_IMAGE,0,1000,1310,435,36,48,0,128,255,255,255,2,0,,,,,,,,
#DST_IMAGE,0,1200,1310,436,36,48,0,255,255,255,255,2,0,,,,,,,,
#DST_IMAGE,0,1400,1310,435,36,48,0,128,255,255,255,2,0,,,,,,,,
#DST_IMAGE,0,1600,1310,434,36,48,0,0,255,255,255,2,0,,,,,,,,
#SRC_IMAGE,0,2,230,850,36,24,1,1,0,0,0,0,0,,,,,,,,
#DST_IMAGE,0,800,1310,466,36,24,0,255,255,255,255,0,0,0,0,800,0,335,0,0,
#SRC_IMAGE,0,2,230,800,36,48,1,1,0,0,0,0,0,,,,,,,,
#DST_IMAGE,0,800,1310,488,36,48,0,255,255,255,255,0,0,0,0,800,0,330,0,0,
#DST_IMAGE,0,1000,1310,489,36,48,0,255,255,255,255,0,0,,,,,,,,
#DST_IMAGE,0,1200,1310,490,36,48,0,255,255,255,255,0,0,,,,,,,,
#DST_IMAGE,0,1400,1310,489,36,48,0,255,255,255,255,0,0,,,,,,,,
#DST_IMAGE,0,1600,1310,488,36,48,0,255,255,255,255,0,0,,,,,,,,
#SRC_IMAGE,0,2,230,800,36,48,1,1,0,0,0,0,0,,,,,,,,
#DST_IMAGE,0,800,1310,488,36,48,0,0,255,255,255,2,0,0,0,800,0,330,0,0,
#DST_IMAGE,0,1000,1310,489,36,48,0,128,255,255,255,2,0,,,,,,,,
#DST_IMAGE,0,1200,1310,490,36,48,0,255,255,255,255,2,0,,,,,,,,
#DST_IMAGE,0,1400,1310,489,36,48,0,128,255,255,255,2,0,,,,,,,,
#DST_IMAGE,0,1600,1310,488,36,48,0,0,255,255,255,2,0,,,,,,,,
#SRC_IMAGE,0,2,230,850,36,24,1,1,0,0,0,0,0,,,,,,,,
#DST_IMAGE,0,800,1310,520,36,24,0,255,255,255,255,0,0,0,0,800,0,330,0,0,
#SRC_IMAGE,0,2,230,800,36,48,1,1,0,0,0,0,0,,,,,,,,
#DST_IMAGE,0,800,1310,542,36,48,0,255,255,255,255,0,0,0,0,800,0,330,0,0,
#DST_IMAGE,0,1000,1310,543,36,48,0,255,255,255,255,0,0,,,,,,,,
#DST_IMAGE,0,1200,1310,544,36,48,0,255,255,255,255,0,0,,,,,,,,
#DST_IMAGE,0,1400,1310,543,36,48,0,255,255,255,255,0,0,,,,,,,,
#DST_IMAGE,0,1600,1310,542,36,48,0,255,255,255,255,0,0,,,,,,,,
#SRC_IMAGE,0,2,230,800,36,48,1,1,0,0,0,0,0,,,,,,,,
#DST_IMAGE,0,800,1310,542,36,48,0,0,255,255,255,2,0,0,0,800,0,330,0,0,
#DST_IMAGE,0,1000,1310,543,36,48,0,128,255,255,255,2,0,,,,,,,,
#DST_IMAGE,0,1200,1310,544,36,48,0,255,255,255,255,2,0,,,,,,,,
#DST_IMAGE,0,1400,1310,543,36,48,0,128,255,255,255,2,0,,,,,,,,
#DST_IMAGE,0,1600,1310,542,36,48,0,0,255,255,255,2,0,,,,,,,,
#SRC_IMAGE,0,2,230,850,36,24,1,1,0,0,0,0,0,,,,,,,,
#DST_IMAGE,0,800,1310,574,36,24,0,255,255,255,255,0,0,0,0,800,0,330,0,0,
#SRC_IMAGE,0,2,230,800,36,48,1,1,0,0,0,0,0,,,,,,,,
#DST_IMAGE,0,800,1310,596,36,48,0,255,255,255,255,0,0,0,0,800,0,331,0,0,
#DST_IMAGE,0,1000,1310,597,36,48,0,255,255,255,255,0,0,,,,,,,,
#DST_IMAGE,0,1200,1310,598,36,48,0,255,255,255,255,0,0,,,,,,,,
#DST_IMAGE,0,1400,1310,597,36,48,0,255,255,255,255,0,0,,,,,,,,
#DST_IMAGE,0,1600,1310,596,36,48,0,255,255,255,255,0,0,,,,,,,,
#SRC_IMAGE,0,2,230,800,36,48,1,1,0,0,0,0,0,,,,,,,,
#DST_IMAGE,0,800,1310,596,36,48,0,0,255,255,255,2,0,0,0,800,0,331,0,0,
#DST_IMAGE,0,1000,1310,597,36,48,0,128,255,255,255,2,0,,,,,,,,
#DST_IMAGE,0,1200,1310,598,36,48,0,255,255,255,255,2,0,,,,,,,,
#DST_IMAGE,0,1400,1310,597,36,48,0,128,255,255,255,2,0,,,,,,,,
#DST_IMAGE,0,1600,1310,596,36,48,0,0,255,255,255,2,0,,,,,,,,
#SRC_IMAGE,0,2,230,850,36,24,1,1,0,0,0,0,0,,,,,,,,
#DST_IMAGE,0,800,1310,628,36,24,0,255,255,255,255,0,0,0,0,800,0,331,0,0,
#SRC_IMAGE,0,2,230,800,36,48,1,1,0,0,0,0,0,,,,,,,,
#DST_IMAGE,0,800,1310,650,36,48,0,255,255,255,255,0,0,0,0,800,0,332,0,0,
#DST_IMAGE,0,1000,1310,651,36,48,0,255,255,255,255,0,0,,,,,,,,
#DST_IMAGE,0,1200,1310,652,36,48,0,255,255,255,255,0,0,,,,,,,,
#DST_IMAGE,0,1400,1310,651,36,48,0,255,255,255,255,0,0,,,,,,,,
#DST_IMAGE,0,1600,1310,650,36,48,0,255,255,255,255,0,0,,,,,,,,
#SRC_IMAGE,0,2,230,800,36,48,1,1,0,0,0,0,0,,,,,,,,
#DST_IMAGE,0,800,1310,650,36,48,0,0,255,255,255,2,0,0,0,800,0,332,0,0,
#DST_IMAGE,0,1000,1310,651,36,48,0,128,255,255,255,2,0,,,,,,,,
#DST_IMAGE,0,1200,1310,652,36,48,0,255,255,255,255,2,0,,,,,,,,
#DST_IMAGE,0,1400,1310,651,36,48,0,128,255,255,255,2,0,,,,,,,,
#DST_IMAGE,0,1600,1310,650,36,48,0,0,255,255,255,2,0,,,,,,,,
#SRC_IMAGE,0,2,230,850,36,24,1,1,0,0,0,0,0,,,,,,,,
#DST_IMAGE,0,800,1310,682,36,24,0,255,255,255,255,0,0,0,0,800,0,332,0,0,
#SRC_IMAGE,0,2,270,800,36,48,1,1,0,0,0,0,0,,,,,,,,
#DST_IMAGE,0,800,1310,444,36,48,0,255,255,255,255,0,0,0,0,800,0,!335,!1335,0,
#DST_IMAGE,0,1000,1310,443,36,48,0,255,255,255,255,0,0,,,,,,,,
#DST_IMAGE,0,1200,1310,442,36,48,0,255,255,255,255,0,0,,,,,,,,
#DST_IMAGE,0,1400,1310,443,36,48,0,255,255,255,255,0,0,,,,,,,,
#DST_IMAGE,0,1600,1310,444,36,48,0,255,255,255,255,0,0,,,,,,,,
#SRC_IMAGE,0,2,270,800,36,48,1,1,0,0,0,0,0,,,,,,,,
#DST_IMAGE,0,800,1310,444,36,48,0,0,255,255,255,2,0,0,0,800,0,!335,!1335,0,
#DST_IMAGE,0,1000,1310,443,36,48,0,128,255,255,255,2,0,,,,,,,,
#DST_IMAGE,0,1200,1310,442,36,48,0,255,255,255,255,2,0,,,,,,,,
#DST_IMAGE,0,1400,1310,443,36,48,0,128,255,255,255,2,0,,,,,,,,
#DST_IMAGE,0,1600,1310,444,36,48,0,0,255,255,255,2,0,,,,,,,,
#SRC_IMAGE,0,2,270,850,67,24,1,1,0,0,0,0,0,,,,,,,,
#DST_IMAGE,0,800,1295,436,67,24,0,255,255,255,255,0,0,0,0,800,0,!335,!1335,0,
#SRC_IMAGE,0,2,270,800,36,48,1,1,0,0,0,0,0,,,,,,,,
#DST_IMAGE,0,800,1310,498,36,48,0,255,255,255,255,0,0,0,0,800,0,!330,!1330,0,
#DST_IMAGE,0,1000,1310,497,36,48,0,255,255,255,255,0,0,,,,,,,,
#DST_IMAGE,0,1200,1310,496,36,48,0,255,255,255,255,0,0,,,,,,,,
#DST_IMAGE,0,1400,1310,497,36,48,0,255,255,255,255,0,0,,,,,,,,
#DST_IMAGE,0,1600,1310,498,36,48,0,255,255,255,255,0,0,,,,,,,,
#SRC_IMAGE,0,2,270,800,36,48,1,1,0,0,0,0,0,,,,,,,,
#DST_IMAGE,0,800,1310,498,36,48,0,0,255,255,255,2,0,0,0,800,0,!330,!1330,0,
#DST_IMAGE,0,1000,1310,497,36,48,0,128,255,255,255,2,0,,,,,,,,
#DST_IMAGE,0,1200,1310,496,36,48,0,255,255,255,255,2,0,,,,,,,,
#DST_IMAGE,0,1400,1310,497,36,48,0,128,255,255,255,2,0,,,,,,,,
#DST_IMAGE,0,1600,1310,498,36,48,0,0,255,255,255,2,0,,,,,,,,
#SRC_IMAGE,0,2,270,850,67,24,1,1,0,0,0,0,0,,,,,,,,
#DST_IMAGE,0,800,1295,490,67,24,0,255,255,255,255,0,0,0,0,800,0,!330,!1330,0,
#SRC_IMAGE,0,2,270,800,36,48,1,1,0,0,0,0,0,,,,,,,,
#DST_IMAGE,0,800,1310,552,36,48,0,255,255,255,255,0,0,0,0,800,0,!330,!1330,0,
#DST_IMAGE,0,1000,1310,551,36,48,0,255,255,255,255,0,0,,,,,,,,
#DST_IMAGE,0,1200,1310,550,36,48,0,255,255,255,255,0,0,,,,,,,,
#DST_IMAGE,0,1400,1310,551,36,48,0,255,255,255,255,0,0,,,,,,,,
#DST_IMAGE,0,1600,1310,552,36,48,0,255,255,255,255,0,0,,,,,,,,
#SRC_IMAGE,0,2,270,800,36,48,1,1,0,0,0,0,0,,,,,,,,
#DST_IMAGE,0,800,1310,552,36,48,0,0,255,255,255,2,0,0,0,800,0,!330,!1330,0,
#DST_IMAGE,0,1000,1310,551,36,48,0,128,255,255,255,2,0,,,,,,,,
#DST_IMAGE,0,1200,1310,550,36,48,0,255,255,255,255,2,0,,,,,,,,
#DST_IMAGE,0,1400,1310,551,36,48,0,128,255,255,255,2,0,,,,,,,,
#DST_IMAGE,0,1600,1310,552,36,48,0,0,255,255,255,2,0,,,,,,,,
#SRC_IMAGE,0,2,270,850,67,24,1,1,0,0,0,0,0,,,,,,,,
#DST_IMAGE,0,800,1295,544,67,24,0,255,255,255,255,0,0,0,0,800,0,!330,!1330,0,
#SRC_IMAGE,0,2,270,800,36,48,1,1,0,0,0,0,0,,,,,,,,
#DST_IMAGE,0,800,1310,606,36,48,0,255,255,255,255,0,0,0,0,800,0,!331,!1331,0,
#DST_IMAGE,0,1000,1310,605,36,48,0,255,255,255,255,0,0,,,,,,,,
#DST_IMAGE,0,1200,1310,604,36,48,0,255,255,255,255,0,0,,,,,,,,
#DST_IMAGE,0,1400,1310,605,36,48,0,255,255,255,255,0,0,,,,,,,,
#DST_IMAGE,0,1600,1310,606,36,48,0,255,255,255,255,0,0,,,,,,,,
#SRC_IMAGE,0,2,270,800,36,48,1,1,0,0,0,0,0,,,,,,,,
#DST_IMAGE,0,800,1310,606,36,48,0,0,255,255,255,2,0,0,0,800,0,!331,!1331,0,
#DST_IMAGE,0,1000,1310,605,36,48,0,128,255,255,255,2,0,,,,,,,,
#DST_IMAGE,0,1200,1310,604,36,48,0,255,255,255,255,2,0,,,,,,,,
#DST_IMAGE,0,1400,1310,605,36,48,0,128,255,255,255,2,0,,,,,,,,
#DST_IMAGE,0,1600,1310,606,36,48,0,0,255,255,255,2,0,,,,,,,,
#SRC_IMAGE,0,2,270,850,67,24,1,1,0,0,0,0,0,,,,,,,,
#DST_IMAGE,0,800,1295,598,67,24,0,255,255,255,255,0,0,0,0,800,0,!331,!1331,0,
#SRC_IMAGE,0,2,270,800,36,48,1,1,0,0,0,0,0,,,,,,,,
#DST_IMAGE,0,800,1310,660,36,48,0,255,255,255,255,0,0,0,0,800,0,!332,!1332,0,
#DST_IMAGE,0,1000,1310,659,36,48,0,255,255,255,255,0,0,,,,,,,,
#DST_IMAGE,0,1200,1310,658,36,48,0,255,255,255,255,0,0,,,,,,,,
#DST_IMAGE,0,1400,1310,659,36,48,0,255,255,255,255,0,0,,,,,,,,
#DST_IMAGE,0,1600,1310,660,36,48,0,255,255,255,255,0,0,,,,,,,,
#SRC_IMAGE,0,2,270,800,36,48,1,1,0,0,0,0,0,,,,,,,,
#DST_IMAGE,0,800,1310,660,36,48,0,0,255,255,255,2,0,0,0,800,0,!332,!1332,0,
#DST_IMAGE,0,1000,1310,659,36,48,0,128,255,255,255,2,0,,,,,,,,
#DST_IMAGE,0,1200,1310,658,36,48,0,255,255,255,255,2,0,,,,,,,,
#DST_IMAGE,0,1400,1310,659,36,48,0,128,255,255,255,2,0,,,,,,,,
#DST_IMAGE,0,1600,1310,660,36,48,0,0,255,255,255,2,0,,,,,,,,
#SRC_IMAGE,0,2,270,850,67,24,1,1,0,0,0,0,0,,,,,,,,
#DST_IMAGE,0,800,1295,652,67,24,0,255,255,255,255,0,0,0,0,800,0,!332,!1332,0,
#SRC_IMAGE,0,2,310,800,48,36,1,1,0,0,0,0,0,,,,,,,,
#DST_IMAGE,0,800,1300,443,48,36,0,255,255,255,255,0,0,0,0,800,0,1335,0,0,
#DST_IMAGE,0,1000,1302,443,48,36,0,255,255,255,255,0,0,,,,,,,,
#DST_IMAGE,0,1200,1304,443,48,36,0,255,255,255,255,0,0,,,,,,,,
#DST_IMAGE,0,1400,1302,443,48,36,0,255,255,255,255,0,0,,,,,,,,
#DST_IMAGE,0,1600,1300,443,48,36,0,255,255,255,255,0,0,,,,,,,,
#SRC_IMAGE,0,2,310,800,48,36,1,1,0,0,0,0,0,,,,,,,,
#DST_IMAGE,0,800,1300,443,48,36,0,0,255,255,255,2,0,0,0,800,0,1335,0,0,
#DST_IMAGE,0,1000,1302,443,48,36,0,128,255,255,255,2,0,,,,,,,,
#DST_IMAGE,0,1200,1304,443,48,36,0,255,255,255,255,2,0,,,,,,,,
#DST_IMAGE,0,1400,1302,443,48,36,0,128,255,255,255,2,0,,,,,,,,
#DST_IMAGE,0,1600,1300,443,48,36,0,0,255,255,255,2,0,,,,,,,,
#SRC_IMAGE,0,2,310,800,48,36,1,1,0,0,0,0,0,,,,,,,,
#DST_IMAGE,0,800,1300,497,48,36,0,255,255,255,255,0,0,0,0,800,0,1330,0,0,
#DST_IMAGE,0,1000,1302,497,48,36,0,255,255,255,255,0,0,,,,,,,,
#DST_IMAGE,0,1200,1304,497,48,36,0,255,255,255,255,0,0,,,,,,,,
#DST_IMAGE,0,1400,1302,497,48,36,0,255,255,255,255,0,0,,,,,,,,
#DST_IMAGE,0,1600,1300,497,48,36,0,255,255,255,255,0,0,,,,,,,,
#SRC_IMAGE,0,2,310,800,48,36,1,1,0,0,0,0,0,,,,,,,,
#DST_IMAGE,0,800,1300,497,48,36,0,0,255,255,255,2,0,0,0,800,0,1330,0,0,
#DST_IMAGE,0,1000,1302,497,48,36,0,128,255,255,255,2,0,,,,,,,,
#DST_IMAGE,0,1200,1304,497,48,36,0,255,255,255,255,2,0,,,,,,,,
#DST_IMAGE,0,1400,1302,497,48,36,0,128,255,255,255,2,0,,,,,,,,
#DST_IMAGE,0,1600,1300,497,48,36,0,0,255,255,255,2,0,,,,,,,,
#SRC_IMAGE,0,2,310,800,48,36,1,1,0,0,0,0,0,,,,,,,,
#DST_IMAGE,0,800,1300,551,48,36,0,255,255,255,255,0,0,0,0,800,0,1330,0,0,
#DST_IMAGE,0,1000,1302,551,48,36,0,255,255,255,255,0,0,,,,,,,,
#DST_IMAGE,0,1200,1304,551,48,36,0,255,255,255,255,0,0,,,,,,,,
#DST_IMAGE,0,1400,1302,551,48,36,0,255,255,255,255,0,0,,,,,,,,
#DST_IMAGE,0,1600,1300,551,48,36,0,255,255,255,255,0,0,,,,,,,,
#SRC_IMAGE,0,2,310,800,48,36,1,1,0,0,0,0,0,,,,,,,,
#DST_IMAGE,0,800,1300,551,48,36,0,0,255,255,255,2,0,0,0,800,0,1330,0,0,
#DST_IMAGE,0,1000,1302,551,48,36,0,128,255,255,255,2,0,,,,,,,,
#DST_IMAGE,0,1200,1304,551,48,36,0,255,255,255,255,2,0,,,,,,,,
#DST_IMAGE,0,1400,1302,551,48,36,0,128,255,255,255,2,0,,,,,,,,
#DST_IMAGE,0,1600,1300,551,48,36,0,0,255,255,255,2,0,,,,,,,,
#SRC_IMAGE,0,2,310,800,48,36,1,1,0,0,0,0,0,,,,,,,,
#DST_IMAGE,0,800,1300,605,48,36,0,255,255,255,255,0,0,0,0,800,0,1331,0,0,
#DST_IMAGE,0,1000,1302,605,48,36,0,255,255,255,255,0,0,,,,,,,,
#DST_IMAGE,0,1200,1304,605,48,36,0,255,255,255,255,0,0,,,,,,,,
#DST_IMAGE,0,1400,1302,605,48,36,0,255,255,255,255,0,0,,,,,,,,
#DST_IMAGE,0,1600,1300,605,48,36,0,255,255,255,255,0,0,,,,,,,,
#SRC_IMAGE,0,2,310,800,48,36,1,1,0,0,0,0,0,,,,,,,,
#DST_IMAGE,0,800,1300,605,48,36,0,0,255,255,255,2,0,0,0,800,0,1331,0,0,
#DST_IMAGE,0,1000,1302,605,48,36,0,128,255,255,255,2,0,,,,,,,,
#DST_IMAGE,0,1200,1304,605,48,36,0,255,255,255,255,2,0,,,,,,,,
#DST_IMAGE,0,1400,1302,605,48,36,0,128,255,255,255,2,0,,,,,,,,
#DST_IMAGE,0,1600,1300,605,48,36,0,0,255,255,255,2,0,,,,,,,,
#SRC_IMAGE,0,2,310,800,48,36,1,1,0,0,0,0,0,,,,,,,,
#DST_IMAGE,0,800,1300,659,48,36,0,255,255,255,255,0,0,0,0,800,0,1332,0,0,
#DST_IMAGE,0,1000,1302,659,48,36,0,255,255,255,255,0,0,,,,,,,,
#DST_IMAGE,0,1200,1304,659,48,36,0,255,255,255,255,0,0,,,,,,,,
#DST_IMAGE,0,1400,1302,659,48,36,0,255,255,255,255,0,0,,,,,,,,
#DST_IMAGE,0,1600,1300,659,48,36,0,255,255,255,255,0,0,,,,,,,,
#SRC_IMAGE,0,2,310,800,48,36,1,1,0,0,0,0,0,,,,,,,,
#DST_IMAGE,0,800,1300,659,48,36,0,0,255,255,255,2,0,0,0,800,0,1332,0,0,
#DST_IMAGE,0,1000,1302,659,48,36,0,128,255,255,255,2,0,,,,,,,,
#DST_IMAGE,0,1200,1304,659,48,36,0,255,255,255,255,2,0,,,,,,,,
#DST_IMAGE,0,1400,1302,659,48,36,0,128,255,255,255,2,0,,,,,,,,
#DST_IMAGE,0,1600,1300,659,48,36,0,0,255,255,255,2,0,,,,,,,,
#ENDIF,,,,,,,,,,,,,,,,,,,,,
